date,temperature_2m_mean,temperature_2m_max,temperature_2m_min,precipitation_sum,windspeed_10m_max,weather_key
2020-12-11,4.6,6.0,1.3,10.4,31.6,0
2021-07-17,19.5,21.2,18.0,0.2,22.9,1
2021-06-13,22.6,26.1,18.5,0.0,17.7,2
2021-10-03,20.1,23.4,18.2,24.3,17.6,3
2021-10-22,9.7,13.0,6.9,0.0,15.5,4
2021-01-09,-0.7,1.7,-2.5,0.0,18.9,5
2021-03-13,5.2,13.3,-1.7,0.0,14.8,6
2021-07-01,18.5,21.7,14.8,0.8,31.0,7
2020-04-30,6.7,8.9,4.8,9.6,38.5,8
2020-09-08,17.7,18.8,16.7,33.0,32.0,9
2020-12-14,-2.9,-0.6,-4.6,0.0,23.9,10
2021-01-04,-2.5,1.6,-4.5,0.1,17.1,11
2021-03-24,12.6,15.6,8.9,2.9,39.2,12
2021-12-28,1.0,2.7,-1.5,10.5,33.8,13
2021-06-20,22.6,28.7,17.4,12.5,18.9,14
2021-12-16,7.4,16.8,0.2,1.1,53.5,15
2020-07-31,22.0,24.5,19.3,0.0,23.7,16
2020-10-05,9.6,15.3,3.2,0.0,29.1,17
2020-06-27,24.6,29.2,21.0,1.0,20.9,18
2020-09-15,19.3,24.9,14.4,0.0,21.0,19
2020-12-12,3.5,5.0,0.7,25.4,34.2,20
2021-10-16,11.0,14.4,7.8,0.0,29.9,21
2020-09-12,19.3,22.4,17.2,30.9,22.2,22
2021-02-24,2.4,5.2,-3.7,0.0,32.1,23
2021-04-20,3.1,5.1,1.6,2.9,20.6,24
2021-08-08,26.5,30.7,23.9,2.2,30.6,25
2020-08-24,28.1,35.4,21.3,0.2,22.0,26
2020-10-15,11.1,16.5,6.0,0.2,36.0,27
2020-12-06,1.6,2.1,1.0,0.1,12.4,28
2021-03-30,12.7,19.5,8.3,0.5,36.8,29
2020-06-05,24.2,29.8,17.2,0.2,18.4,30
2020-07-28,24.4,28.8,19.3,0.1,22.2,31
2021-05-07,8.2,12.7,5.1,0.4,24.9,32
2020-06-22,22.7,28.1,20.1,23.8,21.1,33
2020-10-24,4.9,6.4,2.8,0.0,23.3,34
2020-04-08,9.0,13.5,5.9,2.5,29.2,35
2020-09-16,20.6,26.7,15.0,0.3,23.4,36
2020-11-02,2.9,9.1,-3.0,0.0,32.7,37
2021-02-09,-13.0,-10.3,-16.2,0.0,25.2,38
2021-05-22,25.0,30.6,17.6,0.2,24.3,39
2021-07-31,21.5,27.2,15.3,0.0,16.5,40
2021-09-09,18.5,21.3,14.6,0.1,15.0,41
2021-09-23,14.3,17.9,11.8,0.0,30.5,42
2020-06-17,22.0,27.5,16.2,0.0,19.7,43
2020-09-04,19.4,25.6,13.2,0.0,26.0,44
2021-06-03,21.4,29.2,11.5,0.0,20.2,45
2021-10-05,17.3,18.5,15.9,0.6,22.4,46
2021-07-02,16.9,19.1,14.5,0.0,22.4,47
2021-12-05,3.8,8.6,1.4,5.4,27.5,48
2021-12-15,14.0,17.7,9.1,0.7,51.4,49
2021-08-26,25.4,28.4,23.0,4.7,20.1,50
2021-09-12,24.6,31.7,20.2,0.0,25.2,51
2021-08-22,22.5,24.2,20.0,0.1,24.6,52
2021-02-21,-4.5,1.5,-10.2,4.1,38.3,53
2020-05-17,15.1,20.2,10.8,61.4,28.7,54
2021-08-10,25.8,32.3,21.7,7.1,41.7,55
2021-11-30,3.6,8.8,-0.3,0.0,24.3,56
2020-06-07,17.2,21.4,12.6,0.0,21.5,57
2020-08-17,23.1,26.2,18.8,0.0,16.6,58
2021-04-30,7.8,12.3,5.1,0.0,37.0,59
2021-06-04,26.8,33.3,20.7,0.1,31.6,60
2021-12-01,5.4,9.4,1.7,0.4,27.8,61
2021-12-20,0.6,5.0,-1.8,0.0,27.1,62
2020-06-25,20.5,23.7,16.2,0.5,20.9,63
2020-08-21,23.7,29.5,17.6,0.0,11.9,64
2021-01-26,-1.0,-0.5,-3.0,12.5,34.4,65
2021-09-11,23.8,30.3,18.5,0.0,27.2,66
2020-12-18,-0.9,2.9,-4.6,0.0,28.9,67
2021-10-20,16.2,21.1,11.7,0.4,27.9,68
2021-11-21,4.8,11.5,0.1,0.3,32.4,69
2020-10-08,13.4,18.2,8.5,0.0,20.8,70
2020-11-17,1.5,5.0,-1.7,0.0,29.7,71
2021-04-19,8.2,11.5,5.7,2.8,23.5,72
2021-10-21,12.4,16.9,9.8,2.8,31.7,73
2020-05-18,13.6,18.0,9.7,0.3,19.7,74
2020-06-29,24.4,29.3,21.2,3.4,19.2,75
2020-08-18,21.5,22.7,19.1,0.0,24.0,76
2021-04-09,12.9,17.3,10.0,1.4,35.9,77
2020-06-13,14.0,16.6,12.4,1.9,28.4,78
2020-07-06,27.9,32.5,21.2,0.3,14.7,79
2021-04-25,5.0,9.3,3.5,0.0,27.7,80
2021-08-11,25.3,31.0,22.9,12.0,42.4,81
2021-12-11,5.7,14.4,0.4,3.0,48.3,82
2021-12-13,4.3,9.1,1.1,0.0,29.0,83
2021-02-20,-12.0,-6.6,-18.8,0.0,18.6,84
2021-11-05,4.7,10.1,0.5,0.0,22.4,85
2020-04-03,9.6,14.8,4.5,0.1,18.8,86
2020-06-14,15.2,17.8,12.7,0.0,22.3,87
2020-10-11,16.5,19.4,14.0,0.9,25.5,88
2021-08-02,20.7,23.8,16.7,0.5,15.5,89
2021-11-14,2.2,3.4,0.1,3.8,37.2,90
2021-11-25,4.2,8.8,-4.2,3.9,31.9,91
2020-10-29,6.3,9.2,3.6,0.2,41.5,92
2020-12-19,3.5,7.9,0.5,0.0,28.4,93
2021-03-05,0.3,6.3,-4.5,0.0,18.1,94
2020-10-21,10.4,12.5,8.1,1.7,23.2,95
2020-07-21,24.0,27.3,21.9,4.7,19.5,96
2020-08-16,22.4,25.3,18.4,0.2,22.3,97
2020-08-25,24.3,26.5,22.1,4.0,34.5,98
2021-02-05,-10.6,-5.7,-13.1,0.1,41.9,99
2021-04-18,9.3,16.3,1.0,0.2,17.7,100
2021-07-15,23.3,25.7,20.4,12.7,31.2,101
2020-10-06,15.1,21.5,10.2,0.0,25.3,102
2021-03-17,1.5,3.9,-0.8,10.1,35.8,103
2021-04-22,6.4,13.6,-1.2,0.0,24.5,104
2021-07-29,25.7,31.1,20.0,0.0,30.9,105
2021-09-04,21.4,25.0,19.7,4.1,21.2,106
2021-09-10,20.2,25.5,14.8,0.0,19.2,107
2021-04-13,8.7,12.9,5.0,0.0,29.2,108
2020-06-28,22.6,24.2,21.2,5.8,15.8,109
2021-11-16,5.0,10.2,0.6,0.0,30.5,110
2020-05-19,11.8,14.6,9.9,1.9,28.2,111
2021-01-16,0.3,3.4,-3.3,1.9,22.1,112
2021-07-09,18.7,21.9,15.1,0.0,15.8,113
2021-09-22,15.5,16.6,14.7,2.8,47.5,114
2021-06-23,20.1,25.8,16.3,0.7,29.1,115
2021-08-20,25.3,28.4,22.1,0.5,15.9,116
2021-12-19,-0.6,2.2,-2.5,0.0,24.1,117
2020-06-20,26.4,31.6,20.6,7.3,25.6,118
2021-01-11,-3.4,-1.3,-5.2,0.0,26.3,119
2021-01-24,-1.0,2.3,-2.5,2.2,19.8,120
2021-06-21,19.8,22.6,14.6,2.5,33.0,121
2020-09-27,20.9,26.1,14.9,0.1,34.2,122
2021-01-22,-7.2,-0.1,-9.8,0.0,28.5,123
2020-12-05,2.2,3.4,0.9,0.0,19.5,124
2021-03-14,3.8,5.6,1.6,0.0,35.4,125
2021-07-06,27.4,32.4,23.0,2.5,22.5,126
2021-10-10,22.6,25.6,20.7,0.3,29.7,127
2020-05-21,12.6,15.8,10.1,0.3,18.8,128
2020-06-18,23.1,28.2,17.1,0.0,18.9,129
2020-06-23,20.0,24.1,16.9,2.5,25.9,130
2020-09-11,18.1,20.1,16.7,3.1,22.3,131
2021-06-15,19.4,22.2,16.5,0.0,22.2,132
2021-10-24,9.3,10.6,6.1,38.5,45.3,133
2020-04-10,3.8,7.5,0.0,0.0,25.3,134
2021-03-12,4.0,8.2,0.9,0.0,16.5,135
2021-10-30,11.7,13.1,9.5,1.4,33.6,136
2021-11-06,7.6,13.4,2.7,0.0,24.0,137
2020-07-30,22.6,25.3,20.0,1.6,33.7,138
2020-12-28,-1.6,0.4,-5.3,0.0,26.3,139
2021-01-02,0.3,1.3,-1.6,0.9,30.0,140
2021-04-10,9.1,12.1,7.0,10.1,22.1,141
2020-10-28,4.6,10.6,-0.2,0.0,21.9,142
2020-10-31,6.6,12.9,0.3,0.0,35.9,143
2021-10-11,21.8,23.9,18.1,25.3,30.9,144
2021-01-30,-1.4,1.1,-3.4,9.0,36.6,145
2020-12-09,3.7,10.3,0.1,0.0,22.3,146
2020-05-10,7.0,10.6,3.5,7.6,41.0,147
2020-08-07,21.6,26.1,15.4,0.0,17.1,148
2020-07-27,25.1,28.7,21.8,15.7,17.0,149
2021-05-03,17.9,23.0,14.3,5.4,26.3,150
2021-08-27,26.3,31.4,22.3,1.4,19.1,151
2021-07-30,19.2,20.2,17.7,0.3,29.5,152
2020-04-05,3.2,5.5,1.3,0.0,19.2,153
2021-03-08,9.9,16.5,5.1,0.0,27.9,154
2020-07-11,24.8,29.5,20.2,1.9,22.5,155
2020-08-22,24.8,31.1,18.0,0.0,19.0,156
2020-09-06,20.6,27.6,16.0,19.6,37.5,157
2020-12-07,1.4,2.4,0.1,0.0,15.7,158
2020-12-15,-2.5,-0.1,-5.4,0.0,24.4,159
2021-09-18,21.0,22.2,19.7,0.0,26.7,160
2021-10-02,20.9,23.2,19.2,18.1,23.3,161
2020-11-22,5.4,7.2,3.9,3.5,18.5,162
2021-05-14,13.9,19.5,6.5,0.0,18.4,163
2021-10-08,18.7,22.2,16.3,12.2,15.3,164
2021-12-09,1.9,7.1,-3.1,0.0,31.4,165
2020-04-01,3.9,7.2,1.9,0.0,19.3,166
2020-04-18,6.6,13.2,-0.4,0.0,35.9,167
2020-07-04,23.5,26.7,20.4,0.0,20.0,168
2020-10-18,9.1,14.0,4.7,7.4,33.1,169
2021-05-02,21.9,28.0,16.0,0.1,38.5,170
2021-05-27,12.5,14.2,11.4,16.2,36.6,171
2021-09-21,19.2,22.6,16.9,16.8,31.0,172
2021-09-24,17.9,23.9,12.0,0.8,35.9,173
2021-11-20,4.2,8.8,1.4,0.0,23.2,174
2020-04-26,7.2,11.5,4.4,0.0,28.1,175
2020-05-28,20.6,24.2,14.7,13.8,21.9,176
2020-09-30,13.6,18.3,10.9,0.4,43.2,177
2020-11-24,3.7,6.5,1.6,11.5,29.5,178
2021-05-24,22.2,30.4,13.1,0.2,27.4,179
2021-09-03,21.3,24.9,16.9,1.3,19.1,180
2021-11-02,3.7,7.4,0.6,0.0,25.7,181
2020-11-16,3.3,7.8,-0.6,0.8,29.3,182
2021-09-08,19.9,24.8,15.4,0.0,27.0,183
2020-06-03,22.9,26.0,21.0,1.6,22.7,184
2020-04-24,5.6,7.2,4.3,1.0,22.3,185
2020-08-08,25.0,31.7,18.6,0.0,25.5,186
2020-11-13,3.0,6.7,-1.1,0.6,25.0,187
2021-02-28,5.6,12.3,1.2,0.9,36.0,188
2021-04-15,5.6,8.8,2.3,0.0,24.3,189
2020-04-12,12.4,18.4,8.1,3.1,26.7,190
2020-06-16,19.7,25.2,14.2,0.0,21.6,191
2020-08-11,22.2,25.3,18.9,0.0,15.2,192
2020-08-19,20.9,24.3,16.2,0.0,22.4,193
2021-05-31,16.7,21.5,12.1,0.5,21.9,194
2021-11-28,-0.4,2.5,-2.9,0.0,31.7,195
2020-08-23,25.2,31.6,19.6,0.7,19.2,196
2020-11-10,19.0,22.8,10.6,7.6,41.7,197
2021-06-25,22.8,26.5,21.1,45.6,31.8,198
2021-08-18,24.0,26.2,21.7,6.7,14.4,199
2021-05-29,10.1,13.5,7.3,0.0,31.5,200
2021-11-03,3.0,6.6,-0.7,0.0,14.3,201
2020-10-17,10.2,16.6,3.2,0.0,42.8,202
2021-08-28,26.9,32.1,23.5,4.3,21.3,203
2021-11-29,0.0,3.7,-4.7,0.6,27.1,204
2021-12-18,2.2,4.1,-1.1,7.2,26.6,205
2020-06-19,25.5,30.9,19.1,0.0,21.2,206
2020-07-25,25.2,30.3,18.9,0.0,14.8,207
2020-10-19,6.7,9.9,4.8,5.4,23.0,208
2020-11-29,5.3,9.3,2.5,0.0,28.0,209
2020-05-23,17.2,22.2,10.6,19.0,23.6,210
2021-02-25,-3.3,2.6,-9.2,0.0,16.0,211
2021-02-26,-1.9,3.5,-9.4,0.4,18.4,212
2020-05-31,12.2,14.6,9.5,0.0,22.3,213
2020-12-23,7.7,11.7,1.9,5.7,46.2,214
2021-03-06,-0.4,3.9,-4.7,0.0,18.0,215
2020-04-15,0.3,3.7,-2.8,2.5,25.4,216
2020-07-13,21.5,24.8,16.9,0.6,16.0,217
2021-01-20,-4.6,0.1,-9.5,0.0,37.4,218
2021-06-17,24.6,33.3,14.5,0.0,29.5,219
2021-07-16,19.7,20.5,18.3,5.4,23.3,220
2021-10-28,11.4,13.3,9.1,10.3,28.5,221
2020-11-01,4.0,11.6,-0.4,0.0,41.2,222
2020-12-29,-3.8,-0.5,-8.3,4.2,33.4,223
2021-12-02,8.7,13.2,3.0,0.8,33.8,224
2021-03-19,1.3,3.9,-1.3,0.0,29.3,225
2020-12-26,-4.0,1.3,-7.3,0.0,26.9,226
2021-04-02,2.7,8.8,-4.8,0.0,23.5,227
2021-07-22,22.8,27.3,17.5,0.4,16.6,228
2020-05-12,7.8,14.0,2.9,0.0,21.0,229
2021-01-07,1.6,3.0,-0.2,0.0,19.9,230
2021-04-11,8.5,11.1,5.9,0.1,19.9,231
2021-07-13,21.9,25.2,19.6,18.8,16.5,232
2021-07-03,22.1,29.7,13.7,0.0,20.3,233
2021-08-15,21.2,24.4,16.8,0.0,16.8,234
2021-11-04,3.4,7.8,-0.8,0.0,13.2,235
2020-07-01,23.6,26.3,21.4,0.0,19.1,236
2020-07-24,22.4,25.5,18.1,0.0,16.2,237
2021-03-10,14.6,19.0,11.1,0.3,41.6,238
2020-06-26,23.2,30.1,17.7,18.9,29.6,239
2021-05-09,6.5,9.3,4.1,20.7,31.1,240
2020-12-25,-9.1,-5.4,-12.6,0.2,28.7,241
2021-06-05,27.4,33.2,19.9,0.0,30.8,242
2021-06-10,20.4,24.7,16.6,0.0,15.0,243
2021-06-28,23.2,26.0,20.1,11.4,15.7,244
2021-02-19,-10.5,-7.5,-14.5,0.0,21.3,245
2021-04-16,5.7,8.2,3.6,0.0,17.7,246
2021-06-24,22.0,25.4,19.1,2.6,39.4,247
2020-08-26,27.9,33.6,22.6,0.0,24.4,248
2021-02-22,0.2,2.8,-2.9,1.0,35.3,249
2021-06-19,24.9,33.4,18.2,0.2,31.4,250
2021-08-07,24.4,29.6,19.1,13.3,21.2,251
2021-11-07,10.8,17.0,5.8,0.0,25.5,252
2020-04-19,7.8,13.5,3.4,0.2,31.2,253
2020-09-24,19.7,25.6,14.1,0.0,20.4,254
2021-07-18,21.6,24.4,18.8,0.9,17.9,255
2021-09-16,20.9,26.3,14.5,0.0,17.7,256
2021-12-07,-6.8,-3.6,-9.9,0.0,23.1,257
2020-08-30,21.1,23.1,18.8,0.0,19.1,258
2021-02-18,-7.1,-5.2,-9.2,1.1,14.5,259
2021-06-02,17.4,21.2,12.7,0.0,20.2,260
2020-04-27,10.8,18.4,2.1,3.2,30.4,261
2020-07-23,22.0,24.2,19.5,0.1,20.0,262
2020-08-29,23.7,27.1,20.4,0.5,26.3,263
2020-10-13,13.3,20.2,7.6,0.0,36.2,264
2021-02-13,-13.1,-10.6,-16.9,3.4,27.1,265
2021-10-19,14.8,19.9,11.2,0.0,19.8,266
2021-07-26,26.7,31.9,20.0,0.0,15.3,267
2020-06-08,23.0,28.5,17.0,0.0,20.7,268
2020-04-28,15.0,19.6,8.2,11.0,25.6,269
2020-10-27,2.6,3.1,1.7,2.4,16.1,270
2020-11-11,4.4,8.2,1.4,0.0,35.9,271
2021-03-26,3.2,4.8,1.7,4.3,35.3,272
2021-06-08,23.4,27.3,19.8,3.7,19.4,273
2020-07-09,28.6,33.8,24.4,3.1,24.5,274
2020-05-25,23.3,27.4,19.6,1.1,18.8,275
2020-11-27,3.9,7.6,0.5,0.0,18.0,276
2021-02-03,-6.3,-1.7,-11.4,0.0,20.7,277
2021-03-16,1.5,3.5,-0.5,0.0,15.7,278
2021-03-18,3.0,5.1,2.1,9.1,44.0,279
2020-05-01,9.3,14.6,1.6,0.4,19.2,280
2020-08-03,19.1,20.9,17.9,1.4,33.0,281
2020-12-24,-7.7,-0.7,-10.1,0.1,43.3,282
2020-05-03,15.1,19.8,7.4,0.0,29.2,283
2020-08-13,23.0,25.9,19.5,0.0,16.6,284
2020-10-10,18.1,23.9,13.8,0.2,28.0,285
2020-05-02,17.2,23.8,11.3,0.0,23.8,286
2020-08-06,20.6,24.4,15.6,0.0,15.3,287
2021-02-02,-3.2,-0.3,-5.8,0.0,24.8,288
2021-02-17,-11.1,-7.3,-15.2,0.0,19.7,289
2021-10-13,17.4,21.6,13.5,1.3,28.4,290
2021-12-25,5.5,11.6,0.5,4.8,23.9,291
2020-04-09,5.8,8.3,2.0,0.2,43.6,292
2020-07-22,24.6,28.6,21.5,1.5,16.7,293
2021-07-28,27.9,32.1,23.5,0.3,19.7,294
2020-11-06,15.0,21.5,9.6,0.0,23.8,295
2020-12-10,4.4,10.9,-0.7,0.0,17.5,296
2021-02-06,-13.9,-11.0,-17.7,2.0,29.3,297
2021-02-27,3.2,10.4,-0.9,2.2,19.0,298
2021-05-25,25.0,30.0,20.9,2.0,34.9,299
2020-05-29,18.0,22.2,15.3,6.0,20.4,300
2020-07-20,23.5,26.3,20.2,0.0,17.9,301
2020-09-25,20.6,26.7,14.3,0.0,23.1,302
2021-10-29,12.5,13.0,12.2,24.0,34.6,303
2020-05-09,6.4,12.8,-1.3,0.0,26.1,304
2020-07-07,28.2,32.2,23.4,3.2,15.5,305
2020-09-01,21.5,22.5,20.4,4.9,19.9,306
2021-11-13,3.0,5.0,1.3,0.2,27.3,307
2020-12-27,1.1,7.5,-4.5,0.2,26.6,308
2020-06-10,23.0,28.1,17.0,2.1,41.7,309
2020-07-03,24.2,28.7,18.5,0.0,13.6,310
2020-12-21,3.0,7.6,-0.5,0.3,33.8,311
2021-08-12,26.0,31.8,22.1,0.3,30.7,312
2020-04-02,4.3,7.6,0.7,0.0,15.9,313
2020-10-14,14.8,21.9,6.8,0.0,40.1,314
2020-11-04,14.7,20.2,10.2,0.0,30.0,315
2021-03-07,2.1,8.0,-4.0,0.0,23.0,316
2021-10-14,19.0,21.0,14.7,14.7,27.5,317
2021-12-23,1.8,7.8,-3.3,0.2,25.0,318
2020-11-26,5.9,8.5,3.0,0.0,23.4,319
2021-01-18,-2.8,-0.5,-4.3,0.0,20.3,320
2021-07-05,27.2,32.5,21.7,0.0,30.5,321
2021-09-14,25.3,30.3,19.8,0.2,33.0,322
2020-12-08,1.2,3.2,-0.5,0.0,23.2,323
2021-04-14,5.8,9.2,1.9,0.0,22.2,324
2021-05-10,6.2,7.6,3.9,0.4,23.7,325
2021-09-17,24.4,31.1,17.5,0.0,28.8,326
2021-10-12,17.7,21.4,14.7,0.7,33.3,327
2020-10-12,15.6,22.4,10.4,8.2,38.5,328
2021-04-03,10.6,18.9,2.5,0.0,33.4,329
2021-05-05,8.7,11.0,6.3,0.0,24.2,330
2021-10-26,10.1,12.2,7.4,0.0,27.3,331
2021-02-10,-11.2,-8.1,-16.2,0.7,27.7,332
2021-02-11,-8.1,-5.1,-12.1,0.6,28.2,333
2020-10-22,16.8,24.0,11.3,15.3,35.4,334
2020-11-23,4.3,6.2,2.1,0.0,20.4,335
2021-04-04,12.6,19.0,4.1,0.0,20.2,336
2021-06-09,21.4,24.6,17.1,1.0,16.8,337
2021-12-03,5.5,8.0,4.0,0.5,15.5,338
2020-05-30,14.5,17.0,11.2,1.3,16.6,339
2020-07-18,27.1,32.6,22.8,0.0,28.8,340
2020-11-19,12.7,17.2,7.3,0.0,40.7,341
2021-05-20,23.5,28.4,18.4,0.0,28.0,342
2020-07-12,21.5,22.8,19.2,6.5,28.2,343
2020-08-28,26.7,31.2,23.5,2.2,20.7,344
2020-10-07,17.8,22.5,13.3,0.0,32.6,345
2021-04-23,10.7,16.7,4.8,0.0,29.3,346
2021-07-20,23.1,29.6,18.8,0.0,26.4,347
2021-08-03,22.0,25.9,16.0,0.5,12.9,348
2020-06-11,20.2,25.2,14.5,0.0,27.4,349
2020-07-14,23.9,29.7,17.9,0.0,23.2,350
2020-07-16,22.7,24.3,21.3,12.1,34.1,351
2021-02-07,-18.3,-14.9,-21.9,0.0,23.3,352
2020-06-12,16.8,21.6,13.3,0.0,26.2,353
2020-07-19,26.3,31.0,22.1,13.1,36.7,354
2020-08-04,18.1,19.7,15.7,0.3,27.8,355
2021-11-09,10.9,12.6,8.6,0.0,22.1,356
2020-05-22,13.2,16.6,10.1,0.0,13.2,357
2021-09-02,20.9,23.9,16.3,0.0,19.2,358
2020-05-26,23.2,26.4,20.0,2.7,22.3,359
2020-06-21,22.6,25.0,21.0,8.9,17.4,360
2021-05-08,6.7,9.1,2.7,4.3,20.6,361
2020-06-09,24.3,30.0,20.3,15.1,38.5,362
2021-07-24,27.3,32.5,22.8,2.5,28.2,363
2020-04-11,9.7,16.4,3.9,2.7,23.5,364
2020-11-09,19.4,22.3,16.4,0.1,32.6,365
2021-08-24,25.9,32.6,22.4,11.1,23.8,366
2021-05-19,19.9,23.6,17.2,6.4,30.3,367
2020-06-15,16.5,19.9,12.0,0.0,20.2,368
2020-09-07,20.4,22.7,17.1,3.0,34.7,369
2021-08-06,22.3,25.3,20.3,8.9,28.0,370
2021-09-25,15.2,20.1,10.3,0.7,24.9,371
2020-09-03,23.1,29.8,18.1,0.0,39.1,372
2021-02-16,-8.9,-7.1,-12.0,5.0,30.6,373
2021-11-15,-0.1,1.9,-2.9,0.8,21.5,374
2020-10-26,3.6,7.1,2.3,2.9,29.6,375
2020-09-22,18.3,25.1,11.9,0.0,15.5,376
2020-10-16,7.2,11.0,3.5,0.0,27.5,377
2021-05-06,8.4,10.0,6.9,6.8,25.8,378
2021-11-19,0.1,3.3,-3.6,0.0,21.0,379
2020-10-04,8.8,11.7,6.4,2.4,27.2,380
2021-01-25,-0.3,0.6,-1.3,3.6,35.3,381
2021-01-27,-4.2,-2.5,-9.0,0.7,28.8,382
2021-05-28,9.2,10.7,7.6,9.1,42.0,383
2021-06-30,23.5,26.5,21.7,12.3,12.9,384
2021-08-21,26.4,30.8,22.4,1.0,21.9,385
2020-05-27,22.2,25.4,19.2,3.9,20.4,386
2020-08-15,23.9,28.6,19.9,1.2,18.9,387
2020-10-23,12.9,20.3,4.7,16.5,32.4,388
2021-05-11,6.6,8.9,3.1,0.2,20.6,389
2021-07-27,26.5,33.2,21.7,0.0,21.4,390
2021-08-25,27.0,32.5,22.9,16.4,29.7,391
2020-11-03,10.1,17.6,3.9,0.0,26.8,392
2021-09-28,19.0,20.3,17.7,0.0,20.3,393
2021-12-21,0.6,4.9,-1.9,0.0,30.0,394
2020-05-16,10.0,12.7,7.2,0.2,22.4,395
2020-11-14,3.8,9.9,-2.3,2.1,36.7,396
2021-05-18,18.3,23.4,13.3,4.4,25.5,397
2021-06-29,24.2,28.1,22.2,23.1,22.5,398
2020-04-29,11.3,16.1,6.1,41.6,31.6,399
2020-06-24,19.5,23.9,15.4,3.0,17.5,400
2020-12-01,-1.8,1.1,-3.9,0.0,25.5,401
2021-03-09,10.3,17.1,4.3,0.0,29.2,402
2021-04-07,19.4,25.7,14.3,1.3,29.6,403
2021-07-14,24.5,29.5,19.8,0.2,27.6,404
2021-08-13,23.2,25.2,20.4,0.6,17.7,405
2021-04-12,12.1,16.7,8.2,1.8,30.3,406
2021-01-14,2.0,4.9,-1.0,4.2,23.0,407
2021-03-27,10.0,18.8,3.0,2.4,27.7,408
2021-06-16,18.6,21.8,15.1,0.0,20.9,409
2020-06-04,22.9,26.6,18.1,0.6,15.9,410
2020-12-22,2.3,5.0,-0.9,0.0,31.4,411
2021-10-06,18.1,19.5,16.7,2.6,21.1,412
2021-11-10,10.1,12.7,7.3,0.1,24.9,413
2020-05-11,5.2,8.2,3.1,0.1,19.4,414
2021-04-08,14.8,17.4,11.1,13.7,29.3,415
2021-09-27,22.3,29.7,18.5,0.2,29.6,416
2020-04-14,1.1,5.0,-2.4,1.0,33.5,417
2021-03-20,4.1,10.6,-1.7,0.0,15.7,418
2021-05-16,15.3,20.7,9.3,0.0,18.7,419
2021-01-03,0.2,2.4,-2.5,3.2,15.1,420
2021-08-14,22.2,24.5,20.0,0.0,18.5,421
2021-12-04,2.2,4.7,-1.1,0.0,16.4,422
2020-09-17,17.6,20.1,15.3,0.3,28.3,423
2021-02-01,-1.5,0.2,-4.7,0.0,31.9,424
2021-06-12,22.3,26.3,18.2,0.8,17.8,425
2021-10-04,18.0,19.3,16.0,11.7,26.8,426
2020-04-16,2.2,8.2,-3.4,0.0,23.4,427
2020-07-05,25.4,29.5,19.8,0.0,15.8,428
2021-06-27,24.2,28.0,20.2,1.7,32.4,429
2020-05-06,8.3,12.5,3.6,0.0,19.8,430
2020-05-08,3.8,6.0,1.4,0.0,38.8,431
2021-09-01,21.3,23.0,19.4,0.3,29.3,432
2021-12-10,5.6,13.9,0.9,19.2,43.2,433
2021-07-07,24.6,29.6,20.9,3.1,20.0,434
2021-07-12,20.2,22.6,18.3,19.4,17.7,435
2021-10-15,14.3,17.2,12.2,2.1,24.6,436
2021-11-27,0.8,4.4,-2.0,0.7,22.4,437
2020-06-30,24.2,27.2,21.8,5.9,16.2,438
2020-12-17,0.3,1.3,-1.4,0.4,12.2,439
2021-05-01,15.5,26.0,4.4,0.0,45.6,440
2021-11-11,10.6,12.7,5.7,11.7,40.0,441
2021-01-19,-3.8,-0.4,-7.5,2.4,26.6,442
2021-06-07,23.1,26.2,21.3,24.2,22.0,443
2021-09-15,20.0,23.0,16.4,0.0,18.4,444
2020-05-13,11.6,17.4,5.4,0.0,22.9,445
2020-07-02,23.5,27.2,19.5,0.0,18.2,446
2020-08-02,22.3,27.0,19.7,10.9,17.3,447
2021-01-12,-0.6,4.5,-3.4,0.0,24.1,448
2021-02-12,-9.3,-6.2,-12.3,1.5,23.9,449
2021-04-21,2.7,8.5,-1.6,2.5,18.5,450
2021-05-30,13.0,17.9,6.3,0.0,16.2,451
2021-09-06,20.7,23.7,16.6,0.0,22.5,452
2021-10-18,13.1,20.5,6.7,0.0,15.4,453
2021-12-12,3.5,8.5,-0.3,0.0,32.0,454
2020-09-29,12.1,15.6,8.4,0.0,22.0,455
2021-01-10,-2.3,-1.2,-3.5,0.0,15.5,456
2021-01-21,1.1,4.4,-0.9,0.0,36.4,457
2021-01-29,-7.3,-1.3,-16.3,0.0,21.8,458
2020-04-13,5.0,12.3,0.8,1.1,36.8,459
2020-09-21,16.9,22.8,11.4,0.0,20.1,460
2020-11-30,0.2,3.3,-1.9,1.0,37.8,461
2021-01-06,-0.2,1.8,-2.5,0.0,12.8,462
2021-01-08,0.8,1.7,-0.3,0.0,26.9,463
2021-08-30,23.6,26.7,19.3,0.0,15.9,464
2021-10-27,9.3,11.6,5.8,0.0,23.3,465
2020-08-09,26.8,33.0,22.0,12.8,26.7,466
2021-01-28,-10.2,-6.1,-14.7,0.0,22.3,467
2021-08-29,26.4,30.5,23.7,2.4,30.8,468
2021-10-25,10.5,11.1,9.9,23.1,51.5,469
2020-07-17,24.6,29.7,18.5,0.0,18.9,470
2020-11-15,7.1,12.3,2.1,6.0,54.6,471
2021-03-04,-0.4,0.6,-2.1,0.0,27.9,472
2021-02-14,-17.7,-15.4,-20.2,1.5,27.8,473
2021-11-26,-3.9,-0.6,-7.2,0.0,24.3,474
2020-04-04,5.6,13.4,2.0,2.4,21.6,475
2020-07-29,24.5,29.0,21.3,1.3,22.8,476
2020-10-09,18.6,26.1,10.9,0.0,34.2,477
2020-11-25,7.0,8.0,6.0,10.8,21.5,478
2021-02-08,-14.7,-10.7,-20.5,1.9,19.4,479
2021-06-14,21.7,23.2,18.5,0.0,28.9,480
2021-08-01,20.7,22.2,18.4,1.1,25.3,481
2021-09-19,23.7,28.6,18.3,0.3,19.8,482
2020-04-23,8.4,12.6,5.0,1.2,22.0,483
2020-06-06,17.3,20.5,13.6,0.0,22.7,484
2021-03-28,5.9,11.3,0.7,0.0,37.6,485
2021-05-13,11.5,17.8,2.4,0.0,20.5,486
2020-09-20,15.3,20.8,10.0,0.0,20.4,487
2020-10-25,7.3,8.2,5.8,0.4,23.8,488
2021-08-09,23.7,27.4,22.0,41.8,30.9,489
2021-10-01,22.0,28.4,16.3,0.0,18.7,490
2020-04-07,16.8,23.9,11.6,14.3,29.2,491
2021-01-01,-0.9,0.9,-3.7,15.7,34.0,492
2021-04-05,18.0,22.6,12.5,0.3,26.3,493
2021-03-21,8.7,16.1,1.7,0.0,23.9,494
2021-09-29,19.4,24.2,14.0,0.0,16.6,495
2020-04-25,5.9,7.1,4.4,17.5,31.7,496
2020-05-07,9.9,17.6,6.1,0.0,31.3,497
2021-04-26,14.2,24.2,3.4,0.0,38.9,498
2021-05-15,13.8,16.9,9.8,1.6,19.9,499
2021-12-08,-2.7,0.7,-5.8,0.0,20.4,500
2020-12-02,0.3,7.5,-4.2,0.0,23.0,501
2021-09-26,19.4,26.1,13.4,0.0,31.4,502
2021-10-23,8.9,12.3,6.6,0.0,16.8,503
2021-11-17,12.0,15.7,6.3,8.6,31.6,504
2020-04-20,8.7,15.6,-0.1,1.1,34.4,505
2020-05-14,15.9,22.0,10.8,17.6,25.3,506
2020-05-15,15.9,19.7,8.8,8.0,25.5,507
2021-01-15,0.7,2.9,-2.5,1.8,22.2,508
2021-08-05,24.4,30.1,17.6,0.0,22.3,509
2021-11-08,12.0,17.2,8.8,0.0,24.7,510
2021-11-22,-2.0,1.3,-4.9,0.0,24.6,511
2020-08-31,23.8,30.5,18.4,0.3,22.8,512
2021-04-17,5.9,8.6,3.5,0.0,19.1,513
2021-04-27,22.1,29.8,13.7,0.0,32.4,514
2020-04-17,1.7,3.5,0.9,7.5,21.1,515
2021-08-23,24.8,31.8,18.8,1.8,15.2,516
2021-11-18,1.6,5.9,-0.3,0.0,39.7,517
2020-11-18,3.9,9.5,-1.9,0.0,36.5,518
2021-02-23,2.4,4.8,-0.1,0.0,37.0,519
2021-04-24,10.7,13.3,8.7,2.2,24.5,520
2021-12-24,7.2,13.8,-1.0,0.0,31.0,521
2021-05-26,21.7,27.5,15.0,2.6,26.5,522
2021-03-11,11.1,15.8,5.1,1.7,43.0,523
2021-03-03,4.2,10.2,0.4,0.0,26.5,524
2021-06-06,26.8,31.7,21.4,0.1,31.7,525
2020-05-20,12.3,15.4,10.1,0.0,24.6,526
2020-08-12,21.7,25.3,16.8,0.0,14.3,527
2020-09-18,13.5,15.3,10.4,0.1,28.0,528
2021-07-25,26.8,31.5,21.7,0.0,16.4,529
2021-10-07,19.5,22.6,17.9,18.0,18.6,530
2020-05-05,6.4,8.0,4.8,6.1,20.5,531
2020-07-26,27.7,32.8,22.6,4.1,24.0,532
2020-11-28,3.0,9.3,-2.5,0.0,27.9,533
2021-01-13,2.2,6.8,-1.3,0.0,22.0,534
2021-01-17,-0.7,0.2,-2.7,3.2,13.9,535
2021-03-31,3.9,7.6,1.3,0.1,26.7,536
2021-04-28,10.6,20.8,6.6,8.8,23.7,537
2021-07-04,25.9,31.8,20.2,0.0,19.8,538
2021-09-13,24.7,31.2,20.6,0.0,19.4,539
2020-08-20,22.8,29.4,15.3,0.0,13.9,540
2020-11-20,11.9,14.9,7.6,0.0,31.5,541
2021-03-22,11.9,18.5,6.3,0.0,24.0,542
2021-06-01,16.1,22.1,9.1,0.0,16.7,543
2021-06-11,23.5,28.3,18.8,0.0,15.5,544
2020-09-10,16.9,17.8,16.5,6.0,27.3,545
2020-09-23,19.3,25.0,14.0,0.0,17.3,546
2020-09-28,13.9,17.3,11.4,7.6,26.1,547
2020-10-20,8.8,11.9,6.0,3.2,23.6,548
2020-12-20,1.6,4.3,0.2,0.0,25.0,549
2021-12-06,-1.4,3.7,-8.3,0.0,40.5,550
2021-12-22,-4.0,-0.8,-7.2,0.0,30.4,551
2020-10-03,9.8,13.9,6.5,2.8,15.8,552
2021-03-02,-1.2,6.2,-9.1,0.0,29.2,553
2021-08-19,24.7,27.3,22.1,1.8,14.0,554
2021-09-07,22.8,30.6,18.5,17.8,43.6,555
2021-03-15,0.7,3.1,-0.3,5.3,35.9,556
2021-09-20,23.5,26.8,21.4,11.6,30.6,557
2020-09-13,18.6,23.0,15.0,0.0,17.4,558
2020-10-01,10.7,13.8,8.5,5.2,23.8,559
2020-11-05,15.5,19.4,12.7,0.0,24.2,560
2020-08-10,24.5,29.6,21.3,7.5,23.5,561
2020-12-31,-3.8,-1.0,-7.3,0.0,16.6,562
2021-01-31,-0.6,0.4,-1.4,14.7,37.1,563
2020-07-08,27.1,30.5,24.0,0.5,16.5,564
2020-09-19,12.5,15.6,8.8,0.0,14.2,565
2021-07-19,22.2,25.3,18.1,0.0,16.2,566
2021-07-23,26.0,30.1,22.0,3.2,17.4,567
2021-12-30,1.8,2.9,0.5,1.5,16.2,568
2021-04-06,20.4,26.6,13.2,0.0,28.9,569
2021-06-26,23.8,27.3,22.2,41.8,34.5,570
2021-08-04,22.9,27.4,17.3,0.0,12.8,571
2021-09-05,21.5,27.3,16.0,0.0,23.2,572
2021-12-27,4.5,9.9,-0.2,11.1,36.1,573
2020-09-05,21.5,27.2,17.0,0.0,32.4,574
2020-11-07,15.3,21.1,11.1,0.0,24.8,575
2021-01-05,-1.6,3.5,-4.4,0.0,15.1,576
2021-02-15,-11.5,-7.7,-16.7,9.7,43.5,577
2021-03-23,11.6,16.2,9.2,7.6,29.1,578
2020-08-05,18.8,23.3,12.4,0.0,12.6,579
2020-09-09,17.4,19.0,16.5,4.7,27.2,580
2021-07-10,20.5,22.8,18.2,8.1,21.5,581
2021-11-24,6.0,9.9,1.6,0.3,33.0,582
2021-03-01,-2.5,0.4,-5.5,0.0,24.3,583
2021-03-29,6.7,15.5,-1.9,0.0,40.4,584
2021-06-22,17.9,22.5,12.6,0.0,25.4,585
2021-11-23,-0.1,5.3,-5.6,0.0,29.5,586
2020-04-21,5.6,9.6,2.4,0.0,29.5,587
2021-12-29,1.3,2.3,0.0,1.4,18.9,588
2020-05-24,21.8,27.7,16.1,0.0,22.2,589
2020-09-26,22.1,28.4,16.9,0.0,37.6,590
2020-10-30,2.3,4.6,0.2,0.0,23.0,591
2020-11-21,5.0,6.9,3.6,0.0,20.7,592
2021-11-12,4.1,6.3,1.6,0.7,37.0,593
2020-04-06,7.5,13.2,0.6,1.5,17.4,594
2020-08-01,22.1,23.9,20.5,4.5,16.1,595
2020-09-02,23.5,29.3,19.6,0.0,26.8,596
2020-11-08,17.6,23.4,12.6,0.2,26.0,597
2020-12-03,1.5,6.7,-2.1,0.0,26.1,598
2021-12-14,5.1,10.2,-0.4,4.2,24.1,599
2020-08-14,23.7,27.3,19.9,0.0,19.3,600
2021-07-21,19.5,21.4,18.2,0.2,21.4,601
2020-04-22,7.8,14.1,1.9,2.9,22.2,602
2021-05-17,15.8,18.7,12.7,0.0,16.7,603
2021-07-08,18.0,20.5,16.5,9.0,27.2,604
2021-11-01,5.3,8.9,2.3,0.0,27.4,605
2021-04-29,9.9,13.5,6.6,5.0,26.4,606
2021-05-23,21.7,27.5,13.6,6.6,16.6,607
2021-08-31,23.1,25.9,18.8,0.0,25.2,608
2021-05-21,24.1,29.7,18.0,0.0,27.6,609
2021-10-09,20.0,24.2,15.5,0.5,22.7,610
2020-05-04,5.2,7.3,3.7,0.0,30.4,611
2021-03-25,5.7,7.9,3.2,5.4,36.4,612
2020-12-04,2.6,6.8,0.1,0.0,26.7,613
2021-10-31,8.8,11.9,5.0,0.0,27.8,614
2021-12-26,2.1,4.7,-0.9,0.0,32.8,615
2021-02-04,-1.0,1.3,-4.5,8.5,41.9,616
2021-05-04,11.1,15.9,9.3,0.7,26.2,617
2021-09-30,19.9,24.0,15.2,0.0,16.2,618
2021-07-11,19.0,20.4,18.0,23.2,28.2,619
2020-07-15,24.9,29.9,21.0,58.1,28.2,620
2021-05-12,9.1,13.2,3.7,0.0,15.5,621
2021-10-17,11.6,17.6,7.0,0.0,22.0,622
2020-12-13,-0.4,2.3,-2.6,0.0,22.6,623
2021-04-01,-0.7,1.4,-3.3,0.0,31.0,624
2021-06-18,27.0,32.4,20.8,0.3,29.5,625
2021-12-17,0.2,3.5,-3.5,0.0,21.5,626
2020-07-10,24.5,28.5,21.8,19.0,27.4,627
2020-08-27,27.4,32.1,24.0,3.3,24.0,628
2020-11-12,5.4,11.0,0.8,0.3,17.4,629
2021-08-16,21.4,24.3,17.0,0.0,17.4,630
2021-08-17,22.9,26.0,19.2,0.6,15.9,631
2020-09-14,18.6,21.6,15.8,0.0,12.8,632
2020-10-02,9.5,12.7,7.8,0.1,22.7,633
2020-12-16,-0.5,0.5,-2.0,0.5,25.7,634
2020-12-30,-0.2,2.3,-4.4,9.1,30.3,635
2021-01-23,-5.9,-0.2,-12.1,0.0,17.7,636
