date,ride_count,temperature_2m_mean,temperature_2m_max,temperature_2m_min,precipitation_sum,windspeed_10m_max,holiday_name,is_holiday,day_of_week,month,day,week_of_year,is_weekend,season,lag_1,lag_7,rolling_mean_7
2020-04-01,2294,3.9,7.2,1.9,0.0,19.3,None,0,4,4,1,14,0,Spring,0,0,2294.0
2020-04-02,2608,4.3,7.6,0.7,0.0,15.9,None,0,5,4,2,14,0,Spring,2294,0,2451.0
2020-04-03,3532,9.6,14.8,4.5,0.1,18.8,None,0,6,4,3,14,0,Spring,2608,0,2811.3333333333335
2020-04-04,2288,5.6,13.4,2.0,2.4,21.6,None,0,7,4,4,14,1,Spring,3532,0,2680.5
2020-04-05,2887,3.2,5.5,1.3,0.0,19.2,None,0,1,4,5,14,1,Spring,2288,0,2721.8
2020-04-06,2427,7.5,13.2,0.6,1.5,17.4,None,0,2,4,6,15,0,Spring,2887,0,2672.6666666666665
2020-04-07,5185,16.8,23.9,11.6,14.3,29.2,None,0,3,4,7,15,0,Spring,2427,0,3031.5714285714284
2020-04-08,2365,9.0,13.5,5.9,2.5,29.2,None,0,4,4,8,15,0,Spring,5185,2294,3041.714285714286
2020-04-09,1972,5.8,8.3,2.0,0.2,43.6,None,0,5,4,9,15,0,Spring,2365,2608,2950.8571428571427
2020-04-10,2721,3.8,7.5,0.0,0.0,25.3,None,0,6,4,10,15,0,Spring,1972,3532,2835.0
2020-04-11,4458,9.7,16.4,3.9,2.7,23.5,None,0,7,4,11,15,1,Spring,2721,2288,3145.0
2020-04-12,3670,12.4,18.4,8.1,3.1,26.7,Western Easter,1,1,4,12,15,1,Spring,4458,2887,3256.8571428571427
2020-04-13,1820,5.0,12.3,0.8,1.1,36.8,None,0,2,4,13,16,0,Spring,3670,2427,3170.1428571428573
2020-04-14,1609,1.1,5.0,-2.4,1.0,33.5,None,0,3,4,14,16,0,Spring,1820,5185,2659.285714285714
2020-04-15,1419,0.3,3.7,-2.8,2.5,25.4,None,0,4,4,15,16,0,Spring,1609,2365,2524.1428571428573
2020-04-16,2272,2.2,8.2,-3.4,0.0,23.4,None,0,5,4,16,16,0,Spring,1419,1972,2567.0
2020-04-17,1435,1.7,3.5,0.9,7.5,21.1,None,0,6,4,17,16,0,Spring,2272,2721,2383.285714285714
2020-04-18,5116,6.6,13.2,-0.4,0.0,35.9,None,0,7,4,18,16,1,Spring,1435,4458,2477.285714285714
2020-04-19,5158,7.8,13.5,3.4,0.2,31.2,Eastern Easter,1,1,4,19,16,1,Spring,5116,3670,2689.8571428571427
2020-04-20,3903,8.7,15.6,-0.1,1.1,34.4,None,0,2,4,20,17,0,Spring,5158,1820,2987.4285714285716
2020-04-21,2627,5.6,9.6,2.4,0.0,29.5,None,0,3,4,21,17,0,Spring,3903,1609,3132.8571428571427
2020-04-22,1995,7.8,14.1,1.9,2.9,22.2,None,0,4,4,22,17,0,Spring,2627,1419,3215.1428571428573
2020-04-23,2284,8.4,12.6,5.0,1.2,22.0,None,0,5,4,23,17,0,Spring,1995,2272,3216.8571428571427
2020-04-24,2284,5.6,7.2,4.3,1.0,22.3,None,0,6,4,24,17,0,Spring,2284,1435,3338.1428571428573
2020-04-25,1048,5.9,7.1,4.4,17.5,31.7,None,0,7,4,25,17,1,Spring,2284,5116,2757.0
2020-04-26,6200,7.2,11.5,4.4,0.0,28.1,None,0,1,4,26,17,1,Spring,1048,5158,2905.8571428571427
2020-04-27,2595,10.8,18.4,2.1,3.2,30.4,None,0,2,4,27,18,0,Spring,6200,3903,2719.0
2020-04-28,3392,15.0,19.6,8.2,11.0,25.6,None,0,3,4,28,18,0,Spring,2595,2627,2828.285714285714
2020-04-29,645,11.3,16.1,6.1,41.6,31.6,None,0,4,4,29,18,0,Spring,3392,1995,2635.4285714285716
2020-04-30,2567,6.7,8.9,4.8,9.6,38.5,None,0,5,4,30,18,0,Spring,645,2284,2675.8571428571427
2020-05-01,4751,9.3,14.6,1.6,0.4,19.2,None,0,6,5,1,18,0,Spring,2567,2284,3028.285714285714
2020-05-02,11811,17.2,23.8,11.3,0.0,23.8,None,0,7,5,2,18,1,Spring,4751,1048,4565.857142857143
2020-05-03,9414,15.1,19.8,7.4,0.0,29.2,None,0,1,5,3,18,1,Spring,11811,6200,5025.0
2020-05-04,2634,5.2,7.3,3.7,0.0,30.4,None,0,2,5,4,19,0,Spring,9414,2595,5030.571428571428
2020-05-05,1953,6.4,8.0,4.8,6.1,20.5,None,0,3,5,5,19,0,Spring,2634,3392,4825.0
2020-05-06,4775,8.3,12.5,3.6,0.0,19.8,None,0,4,5,6,19,0,Spring,1953,645,5415.0
2020-05-07,4997,9.9,17.6,6.1,0.0,31.3,None,0,5,5,7,19,0,Spring,4775,2567,5762.142857142857
2020-05-08,2793,3.8,6.0,1.4,0.0,38.8,None,0,6,5,8,19,0,Spring,4997,4751,5482.428571428572
2020-05-09,7945,6.4,12.8,-1.3,0.0,26.1,None,0,7,5,9,19,1,Spring,2793,11811,4930.142857142857
2020-05-10,1394,7.0,10.6,3.5,7.6,41.0,None,0,1,5,10,19,1,Spring,7945,9414,3784.4285714285716
2020-05-11,2871,5.2,8.2,3.1,0.1,19.4,None,0,2,5,11,20,0,Spring,1394,2634,3818.285714285714
2020-05-12,4745,7.8,14.0,2.9,0.0,21.0,None,0,3,5,12,20,0,Spring,2871,1953,4217.142857142857
2020-05-13,5762,11.6,17.4,5.4,0.0,22.9,None,0,4,5,13,20,0,Spring,4745,4775,4358.142857142857
2020-05-14,3036,15.9,22.0,10.8,17.6,25.3,None,0,5,5,14,20,0,Spring,5762,4997,4078.0
2020-05-15,7031,15.9,19.7,8.8,8.0,25.5,None,0,6,5,15,20,0,Spring,3036,2793,4683.428571428572
2020-05-16,8975,10.0,12.7,7.2,0.2,22.4,None,0,7,5,16,20,1,Spring,7031,7945,4830.571428571428
2020-05-17,691,15.1,20.2,10.8,61.4,28.7,None,0,1,5,17,20,1,Spring,8975,1394,4730.142857142857
2020-05-18,3885,13.6,18.0,9.7,0.3,19.7,None,0,2,5,18,21,0,Spring,691,2871,4875.0
2020-05-19,2852,11.8,14.6,9.9,1.9,28.2,None,0,3,5,19,21,0,Spring,3885,4745,4604.571428571428
2020-05-20,6348,12.3,15.4,10.1,0.0,24.6,None,0,4,5,20,21,0,Spring,2852,5762,4688.285714285715
2020-05-21,5602,12.6,15.8,10.1,0.3,18.8,None,0,5,5,21,21,0,Spring,6348,3036,5054.857142857143
2020-05-22,7569,13.2,16.6,10.1,0.0,13.2,None,0,6,5,22,21,0,Spring,5602,7031,5131.714285714285
2020-05-23,8784,17.2,22.2,10.6,19.0,23.6,None,0,7,5,23,21,1,Spring,7569,8975,5104.428571428572
2020-05-24,14836,21.8,27.7,16.1,0.0,22.2,None,0,1,5,24,21,1,Spring,8784,691,7125.142857142857
2020-05-25,14268,23.3,27.4,19.6,1.1,18.8,Memorial Day,1,2,5,25,22,0,Spring,14836,3885,8608.42857142857
2020-05-26,7711,23.2,26.4,20.0,2.7,22.3,None,0,3,5,26,22,0,Spring,14268,2852,9302.57142857143
2020-05-27,8121,22.2,25.4,19.2,3.9,20.4,None,0,4,5,27,22,0,Spring,7711,6348,9555.857142857143
2020-05-28,6785,20.6,24.2,14.7,13.8,21.9,None,0,5,5,28,22,0,Spring,8121,5602,9724.857142857143
2020-05-29,10580,18.0,22.2,15.3,6.0,20.4,None,0,6,5,29,22,0,Spring,6785,7569,10155.0
2020-05-30,17162,14.5,17.0,11.2,1.3,16.6,None,0,7,5,30,22,1,Spring,10580,8784,11351.857142857143
2020-05-31,193,12.2,14.6,9.5,0.0,22.3,None,0,1,5,31,22,1,Spring,17162,14836,9260.0
2020-06-03,6296,22.9,26.0,21.0,1.6,22.7,None,0,4,6,3,23,0,Summer,193,14268,8121.142857142857
2020-06-04,7628,22.9,26.6,18.1,0.6,15.9,None,0,5,6,4,23,0,Summer,6296,7711,8109.285714285715
2020-06-05,8922,24.2,29.8,17.2,0.2,18.4,None,0,6,6,5,23,0,Summer,7628,8121,8223.714285714286
2020-06-06,15239,17.3,20.5,13.6,0.0,22.7,None,0,7,6,6,23,1,Summer,8922,6785,9431.42857142857
2020-06-07,13224,17.2,21.4,12.6,0.0,21.5,None,0,1,6,7,23,1,Summer,15239,10580,9809.142857142857
2020-06-08,10368,23.0,28.5,17.0,0.0,20.7,None,0,2,6,8,24,0,Summer,13224,17162,8838.57142857143
2020-06-09,5608,24.3,30.0,20.3,15.1,38.5,None,0,3,6,9,24,0,Summer,10368,193,9612.142857142857
2020-06-10,7676,23.0,28.1,17.0,2.1,41.7,None,0,4,6,10,24,0,Summer,5608,6296,9809.285714285714
2020-06-11,12275,20.2,25.2,14.5,0.0,27.4,None,0,5,6,11,24,0,Summer,7676,7628,10473.142857142857
2020-06-12,11989,16.8,21.6,13.3,0.0,26.2,None,0,6,6,12,24,0,Summer,12275,8922,10911.285714285714
2020-06-13,14278,14.0,16.6,12.4,1.9,28.4,None,0,7,6,13,24,1,Summer,11989,15239,10774.0
2020-06-14,14602,15.2,17.8,12.7,0.0,22.3,None,0,1,6,14,24,1,Summer,14278,13224,10970.857142857143
2020-06-15,10164,16.5,19.9,12.0,0.0,20.2,None,0,2,6,15,25,0,Summer,14602,10368,10941.714285714286
2020-06-16,12081,19.7,25.2,14.2,0.0,21.6,None,0,3,6,16,25,0,Summer,10164,5608,11866.42857142857
2020-06-17,12827,22.0,27.5,16.2,0.0,19.7,None,0,4,6,17,25,0,Summer,12081,7676,12602.285714285714
2020-06-18,13319,23.1,28.2,17.1,0.0,18.9,None,0,5,6,18,25,0,Summer,12827,12275,12751.42857142857
2020-06-19,16307,25.5,30.9,19.1,0.0,21.2,Juneteenth,1,6,6,19,25,0,Summer,13319,11989,13368.285714285714
2020-06-20,14665,26.4,31.6,20.6,7.3,25.6,None,0,7,6,20,25,1,Summer,16307,14278,13423.57142857143
2020-06-21,14824,22.6,25.0,21.0,8.9,17.4,None,0,1,6,21,25,1,Summer,14665,14602,13455.285714285714
2020-06-22,7036,22.7,28.1,20.1,23.8,21.1,None,0,2,6,22,26,0,Summer,14824,10164,13008.42857142857
2020-06-23,13692,20.0,24.1,16.9,2.5,25.9,None,0,3,6,23,26,0,Summer,7036,12081,13238.57142857143
2020-06-24,12890,19.5,23.9,15.4,3.0,17.5,None,0,4,6,24,26,0,Summer,13692,12827,13247.57142857143
2020-06-25,16001,20.5,23.7,16.2,0.5,20.9,None,0,5,6,25,26,0,Summer,12890,13319,13630.714285714286
2020-06-26,6228,23.2,30.1,17.7,18.9,29.6,None,0,6,6,26,26,0,Summer,16001,16307,12190.857142857143
2020-06-27,20499,24.6,29.2,21.0,1.0,20.9,None,0,7,6,27,26,1,Summer,6228,14665,13024.285714285714
2020-06-28,20383,22.6,24.2,21.2,5.8,15.8,None,0,1,6,28,26,1,Summer,20499,14824,13818.42857142857
2020-06-29,9395,24.4,29.3,21.2,3.4,19.2,None,0,2,6,29,27,0,Summer,20383,7036,14155.42857142857
2020-06-30,14589,24.2,27.2,21.8,5.9,16.2,None,0,3,6,30,27,0,Summer,9395,13692,14283.57142857143
2020-07-01,15827,23.6,26.3,21.4,0.0,19.1,None,0,4,7,1,27,0,Summer,14589,12890,14703.142857142857
2020-07-02,16560,23.5,27.2,19.5,0.0,18.2,None,0,5,7,2,27,0,Summer,15827,16001,14783.0
2020-07-03,20296,24.2,28.7,18.5,0.0,13.6,None,0,6,7,3,27,0,Summer,16560,6228,16792.714285714286
2020-07-04,19931,23.5,26.7,20.4,0.0,20.0,4th of July,1,7,7,4,27,1,Summer,20296,20499,16711.571428571428
2020-07-05,18538,25.4,29.5,19.8,0.0,15.8,None,0,1,7,5,27,1,Summer,19931,20383,16448.0
2020-07-06,14826,27.9,32.5,21.2,0.3,14.7,None,0,2,7,6,28,0,Summer,18538,9395,17223.85714285714
2020-07-07,14450,28.2,32.2,23.4,3.2,15.5,None,0,3,7,7,28,0,Summer,14826,14589,17204.0
2020-07-08,15885,27.1,30.5,24.0,0.5,16.5,None,0,4,7,8,28,0,Summer,14450,15827,17212.285714285714
2020-07-09,14801,28.6,33.8,24.4,3.1,24.5,None,0,5,7,9,28,0,Summer,15885,16560,16961.0
2020-07-10,16912,24.5,28.5,21.8,19.0,27.4,None,0,6,7,10,28,0,Summer,14801,20296,16477.571428571428
2020-07-11,23072,24.8,29.5,20.2,1.9,22.5,None,0,7,7,11,28,1,Summer,16912,19931,16926.285714285714
2020-07-12,22680,21.5,22.8,19.2,6.5,28.2,None,0,1,7,12,28,1,Summer,23072,18538,17518.0
2020-07-13,16633,21.5,24.8,16.9,0.6,16.0,None,0,2,7,13,29,0,Summer,22680,14826,17776.14285714286
2020-07-14,17311,23.9,29.7,17.9,0.0,23.2,None,0,3,7,14,29,0,Summer,16633,14450,18184.85714285714
2020-07-15,9357,24.9,29.9,21.0,58.1,28.2,None,0,4,7,15,29,0,Summer,17311,15885,17252.285714285714
2020-07-16,17263,22.7,24.3,21.3,12.1,34.1,None,0,5,7,16,29,0,Summer,9357,14801,17604.0
2020-07-17,19923,24.6,29.7,18.5,0.0,18.9,None,0,6,7,17,29,0,Summer,17263,16912,18034.14285714286
2020-07-18,22991,27.1,32.6,22.8,0.0,28.8,None,0,7,7,18,29,1,Summer,19923,23072,18022.571428571428
2020-07-19,14582,26.3,31.0,22.1,13.1,36.7,None,0,1,7,19,29,1,Summer,22991,22680,16865.714285714286
2020-07-20,16023,23.5,26.3,20.2,0.0,17.9,None,0,2,7,20,30,0,Summer,14582,16633,16778.571428571428
2020-07-21,12546,24.0,27.3,21.9,4.7,19.5,None,0,3,7,21,30,0,Summer,16023,17311,16097.857142857143
2020-07-22,17332,24.6,28.6,21.5,1.5,16.7,None,0,4,7,22,30,0,Summer,12546,9357,17237.14285714286
2020-07-23,18586,22.0,24.2,19.5,0.1,20.0,None,0,5,7,23,30,0,Summer,17332,17263,17426.14285714286
2020-07-24,20673,22.4,25.5,18.1,0.0,16.2,None,0,6,7,24,30,0,Summer,18586,19923,17533.285714285714
2020-07-25,26410,25.2,30.3,18.9,0.0,14.8,None,0,7,7,25,30,1,Summer,20673,22991,18021.714285714286
2020-07-26,19811,27.7,32.8,22.6,4.1,24.0,None,0,1,7,26,30,1,Summer,26410,14582,18768.714285714286
2020-07-27,15074,25.1,28.7,21.8,15.7,17.0,None,0,2,7,27,31,0,Summer,19811,16023,18633.14285714286
2020-07-28,18182,24.4,28.8,19.3,0.1,22.2,None,0,3,7,28,31,0,Summer,15074,12546,19438.285714285714
2020-07-29,15483,24.5,29.0,21.3,1.3,22.8,None,0,4,7,29,31,0,Summer,18182,17332,19174.14285714286
2020-07-30,17846,22.6,25.3,20.0,1.6,33.7,None,0,5,7,30,31,0,Summer,15483,18586,19068.428571428572
2020-07-31,21676,22.0,24.5,19.3,0.0,23.7,None,0,6,7,31,31,0,Summer,17846,20673,19211.714285714286
2020-08-01,23256,22.1,23.9,20.5,4.5,16.1,None,0,7,8,1,31,1,Summer,21676,26410,18761.14285714286
2020-08-02,15367,22.3,27.0,19.7,10.9,17.3,None,0,1,8,2,31,1,Summer,23256,19811,18126.285714285714
2020-08-03,13039,19.1,20.9,17.9,1.4,33.0,None,0,2,8,3,32,0,Summer,15367,15074,17835.571428571428
2020-08-04,17746,18.1,19.7,15.7,0.3,27.8,None,0,3,8,4,32,0,Summer,13039,18182,17773.285714285714
2020-08-05,17856,18.8,23.3,12.4,0.0,12.6,None,0,4,8,5,32,0,Summer,17746,15483,18112.285714285714
2020-08-06,19837,20.6,24.4,15.6,0.0,15.3,None,0,5,8,6,32,0,Summer,17856,17846,18396.714285714286
2020-08-07,22584,21.6,26.1,15.4,0.0,17.1,None,0,6,8,7,32,0,Summer,19837,21676,18526.428571428572
2020-08-08,28709,25.0,31.7,18.6,0.0,25.5,None,0,7,8,8,32,1,Summer,22584,23256,19305.428571428572
2020-08-09,23200,26.8,33.0,22.0,12.8,26.7,None,0,1,8,9,32,1,Summer,28709,15367,20424.428571428572
2020-08-10,9747,24.5,29.6,21.3,7.5,23.5,None,0,2,8,10,33,0,Summer,23200,13039,19954.14285714286
2020-08-11,17835,22.2,25.3,18.9,0.0,15.2,None,0,3,8,11,33,0,Summer,9747,17746,19966.85714285714
2020-08-12,18418,21.7,25.3,16.8,0.0,14.3,None,0,4,8,12,33,0,Summer,17835,17856,20047.14285714286
2020-08-13,18646,23.0,25.9,19.5,0.0,16.6,None,0,5,8,13,33,0,Summer,18418,19837,19877.0
2020-08-14,20396,23.7,27.3,19.9,0.0,19.3,None,0,6,8,14,33,0,Summer,18646,22584,19564.428571428572
2020-08-15,23469,23.9,28.6,19.9,1.2,18.9,None,0,7,8,15,33,1,Summer,20396,28709,18815.85714285714
2020-08-16,24522,22.4,25.3,18.4,0.2,22.3,None,0,1,8,16,33,1,Summer,23469,23200,19004.714285714286
2020-08-17,17144,23.1,26.2,18.8,0.0,16.6,None,0,2,8,17,34,0,Summer,24522,9747,20061.428571428572
2020-08-18,19278,21.5,22.7,19.1,0.0,24.0,None,0,3,8,18,34,0,Summer,17144,17835,20267.571428571428
2020-08-19,19624,20.9,24.3,16.2,0.0,22.4,None,0,4,8,19,34,0,Summer,19278,18418,20439.85714285714
2020-08-20,20037,22.8,29.4,15.3,0.0,13.9,None,0,5,8,20,34,0,Summer,19624,18646,20638.571428571428
2020-08-21,22521,23.7,29.5,17.6,0.0,11.9,None,0,6,8,21,34,0,Summer,20037,20396,20942.14285714286
2020-08-22,28882,24.8,31.1,18.0,0.0,19.0,None,0,7,8,22,34,1,Summer,22521,23469,21715.428571428572
2020-08-23,20542,25.2,31.6,19.6,0.7,19.2,None,0,1,8,23,34,1,Summer,28882,24522,21146.85714285714
2020-08-24,16372,28.1,35.4,21.3,0.2,22.0,None,0,2,8,24,35,0,Summer,20542,17144,21036.571428571428
2020-08-25,17519,24.3,26.5,22.1,4.0,34.5,None,0,3,8,25,35,0,Summer,16372,19278,20785.285714285714
2020-08-26,18439,27.9,33.6,22.6,0.0,24.4,None,0,4,8,26,35,0,Summer,17519,19624,20616.0
2020-08-27,17008,27.4,32.1,24.0,3.3,24.0,None,0,5,8,27,35,0,Summer,18439,20037,20183.285714285714
2020-08-28,19899,26.7,31.2,23.5,2.2,20.7,None,0,6,8,28,35,0,Summer,17008,22521,19808.714285714286
2020-08-29,28297,23.7,27.1,20.4,0.5,26.3,None,0,7,8,29,35,1,Summer,19899,28882,19725.14285714286
2020-08-30,24790,21.1,23.1,18.8,0.0,19.1,None,0,1,8,30,35,1,Summer,28297,20542,20332.0
2020-08-31,17382,23.8,30.5,18.4,0.3,22.8,None,0,2,8,31,36,0,Summer,24790,16372,20476.285714285714
2020-09-01,10708,21.5,22.5,20.4,4.9,19.9,None,0,3,9,1,36,0,Autumn,17382,17519,19503.285714285714
2020-09-02,19594,23.5,29.3,19.6,0.0,26.8,None,0,4,9,2,36,0,Autumn,10708,18439,19668.285714285714
2020-09-03,19030,23.1,29.8,18.1,0.0,39.1,None,0,5,9,3,36,0,Autumn,19594,17008,19957.14285714286
2020-09-04,22253,19.4,25.6,13.2,0.0,26.0,None,0,6,9,4,36,0,Autumn,19030,19899,20293.428571428572
2020-09-05,28719,21.5,27.2,17.0,0.0,32.4,Labor Day Weekend,1,7,9,5,36,1,Autumn,22253,28297,20353.714285714286
2020-09-06,17207,20.6,27.6,16.0,19.6,37.5,Labor Day Weekend,1,1,9,6,36,1,Autumn,28719,24790,19270.428571428572
2020-09-07,23731,20.4,22.7,17.1,3.0,34.7,Labor Day,1,2,9,7,37,0,Autumn,17207,17382,20177.428571428572
2020-09-08,6835,17.7,18.8,16.7,33.0,32.0,None,0,3,9,8,37,0,Autumn,23731,10708,19624.14285714286
2020-09-09,12545,17.4,19.0,16.5,4.7,27.2,None,0,4,9,9,37,0,Autumn,6835,19594,18617.14285714286
2020-09-10,10529,16.9,17.8,16.5,6.0,27.3,None,0,5,9,10,37,0,Autumn,12545,19030,17402.714285714286
2020-09-11,14832,18.1,20.1,16.7,3.1,22.3,None,0,6,9,11,37,0,Autumn,10529,22253,16342.57142857143
2020-09-12,11164,19.3,22.4,17.2,30.9,22.2,None,0,7,9,12,37,1,Autumn,14832,28719,13834.714285714286
2020-09-13,23970,18.6,23.0,15.0,0.0,17.4,None,0,1,9,13,37,1,Autumn,11164,17207,14800.857142857143
2020-09-14,15170,18.6,21.6,15.8,0.0,12.8,None,0,2,9,14,38,0,Autumn,23970,23731,13577.857142857143
2020-09-15,18228,19.3,24.9,14.4,0.0,21.0,None,0,3,9,15,38,0,Autumn,15170,6835,15205.42857142857
2020-09-16,19258,20.6,26.7,15.0,0.3,23.4,None,0,4,9,16,38,0,Autumn,18228,12545,16164.42857142857
2020-09-17,17094,17.6,20.1,15.3,0.3,28.3,None,0,5,9,17,38,0,Autumn,19258,10529,17102.285714285714
2020-09-18,16987,13.5,15.3,10.4,0.1,28.0,None,0,6,9,18,38,0,Autumn,17094,14832,17410.14285714286
2020-09-19,23356,12.5,15.6,8.8,0.0,14.2,None,0,7,9,19,38,1,Autumn,16987,11164,19151.85714285714
2020-09-20,21134,15.3,20.8,10.0,0.0,20.4,None,0,1,9,20,38,1,Autumn,23356,23970,18746.714285714286
2020-09-21,15791,16.9,22.8,11.4,0.0,20.1,None,0,2,9,21,39,0,Autumn,21134,15170,18835.428571428572
2020-09-22,17948,18.3,25.1,11.9,0.0,15.5,None,0,3,9,22,39,0,Autumn,15791,18228,18795.428571428572
2020-09-23,18531,19.3,25.0,14.0,0.0,17.3,None,0,4,9,23,39,0,Autumn,17948,19258,18691.571428571428
2020-09-24,19027,19.7,25.6,14.1,0.0,20.4,None,0,5,9,24,39,0,Autumn,18531,17094,18967.714285714286
2020-09-25,22771,20.6,26.7,14.3,0.0,23.1,None,0,6,9,25,39,0,Autumn,19027,16987,19794.0
2020-09-26,26150,22.1,28.4,16.9,0.0,37.6,None,0,7,9,26,39,1,Autumn,22771,23356,20193.14285714286
2020-09-27,20874,20.9,26.1,14.9,0.1,34.2,None,0,1,9,27,39,1,Autumn,26150,21134,20156.0
2020-09-28,11110,13.9,17.3,11.4,7.6,26.1,None,0,2,9,28,40,0,Autumn,20874,15791,19487.285714285714
2020-09-29,14294,12.1,15.6,8.4,0.0,22.0,None,0,3,9,29,40,0,Autumn,11110,17948,18965.285714285714
2020-09-30,14118,13.6,18.3,10.9,0.4,43.2,None,0,4,9,30,40,0,Autumn,14294,18531,18334.85714285714
2020-10-01,11243,10.7,13.8,8.5,5.2,23.8,None,0,5,10,1,40,0,Autumn,14118,19027,17222.85714285714
2020-10-02,14832,9.5,12.7,7.8,0.1,22.7,None,0,6,10,2,40,0,Autumn,11243,22771,16088.714285714286
2020-10-03,14634,9.8,13.9,6.5,2.8,15.8,None,0,7,10,3,40,1,Autumn,14832,26150,14443.57142857143
2020-10-04,12875,8.8,11.7,6.4,2.4,27.2,None,0,1,10,4,40,1,Autumn,14634,20874,13300.857142857143
2020-10-05,12533,9.6,15.3,3.2,0.0,29.1,None,0,2,10,5,41,0,Autumn,12875,11110,13504.142857142857
2020-10-06,16126,15.1,21.5,10.2,0.0,25.3,None,0,3,10,6,41,0,Autumn,12533,14294,13765.857142857143
2020-10-07,17471,17.8,22.5,13.3,0.0,32.6,None,0,4,10,7,41,0,Autumn,16126,14118,14244.857142857143
2020-10-08,16519,13.4,18.2,8.5,0.0,20.8,None,0,5,10,8,41,0,Autumn,17471,11243,14998.57142857143
2020-10-09,21322,18.6,26.1,10.9,0.0,34.2,None,0,6,10,9,41,0,Autumn,16519,14832,15925.714285714286
2020-10-10,24935,18.1,23.9,13.8,0.2,28.0,None,0,7,10,10,41,1,Autumn,21322,14634,17397.285714285714
2020-10-11,19713,16.5,19.4,14.0,0.9,25.5,None,0,1,10,11,41,1,Autumn,24935,12875,18374.14285714286
2020-10-12,9764,15.6,22.4,10.4,8.2,38.5,Columbus Day,1,2,10,12,42,0,Autumn,19713,12533,17978.571428571428
2020-10-13,15626,13.3,20.2,7.6,0.0,36.2,None,0,3,10,13,42,0,Autumn,9764,16126,17907.14285714286
2020-10-14,15358,14.8,21.9,6.8,0.0,40.1,None,0,4,10,14,42,0,Autumn,15626,17471,17605.285714285714
2020-10-15,12565,11.1,16.5,6.0,0.2,36.0,None,0,5,10,15,42,0,Autumn,15358,16519,17040.428571428572
2020-10-16,11856,7.2,11.0,3.5,0.0,27.5,None,0,6,10,16,42,0,Autumn,12565,21322,15688.142857142857
2020-10-17,14521,10.2,16.6,3.2,0.0,42.8,None,0,7,10,17,42,1,Autumn,11856,24935,14200.42857142857
2020-10-18,5222,9.1,14.0,4.7,7.4,33.1,None,0,1,10,18,42,1,Autumn,14521,19713,12130.285714285714
2020-10-19,7468,6.7,9.9,4.8,5.4,23.0,None,0,2,10,19,43,0,Autumn,5222,9764,11802.285714285714
2020-10-20,9273,8.8,11.9,6.0,3.2,23.6,None,0,3,10,20,43,0,Autumn,7468,15626,10894.714285714286
2020-10-21,10302,10.4,12.5,8.1,1.7,23.2,None,0,4,10,21,43,0,Autumn,9273,15358,10172.42857142857
2020-10-22,13228,16.8,24.0,11.3,15.3,35.4,None,0,5,10,22,43,0,Autumn,10302,12565,10267.142857142857
2020-10-23,7042,12.9,20.3,4.7,16.5,32.4,None,0,6,10,23,43,0,Autumn,13228,11856,9579.42857142857
2020-10-24,12452,4.9,6.4,2.8,0.0,23.3,None,0,7,10,24,43,1,Autumn,7042,14521,9283.857142857143
2020-10-25,8627,7.3,8.2,5.8,0.4,23.8,None,0,1,10,25,43,1,Autumn,12452,5222,9770.285714285714
2020-10-26,6611,3.6,7.1,2.3,2.9,29.6,None,0,2,10,26,44,0,Autumn,8627,7468,9647.857142857143
2020-10-27,6178,2.6,3.1,1.7,2.4,16.1,None,0,3,10,27,44,0,Autumn,6611,9273,9205.714285714286
2020-10-28,9661,4.6,10.6,-0.2,0.0,21.9,None,0,4,10,28,44,0,Autumn,6178,10302,9114.142857142857
2020-10-29,8139,6.3,9.2,3.6,0.2,41.5,None,0,5,10,29,44,0,Autumn,9661,13228,8387.142857142857
2020-10-30,9378,2.3,4.6,0.2,0.0,23.0,None,0,6,10,30,44,0,Autumn,8139,7042,8720.857142857143
2020-10-31,13179,6.6,12.9,0.3,0.0,35.9,None,0,7,10,31,44,1,Autumn,9378,12452,8824.714285714286
2020-11-01,5973,4.0,11.6,-0.4,0.0,41.2,None,0,1,11,1,44,1,Autumn,13179,8627,8445.57142857143
2020-11-02,8116,2.9,9.1,-3.0,0.0,32.7,None,0,2,11,2,45,0,Autumn,5973,6611,8660.57142857143
2020-11-03,11987,10.1,17.6,3.9,0.0,26.8,None,0,3,11,3,45,0,Autumn,8116,6178,9490.42857142857
2020-11-04,12030,14.7,20.2,10.2,0.0,30.0,None,0,4,11,4,45,0,Autumn,11987,9661,9828.857142857143
2020-11-05,12459,15.5,19.4,12.7,0.0,24.2,None,0,5,11,5,45,0,Autumn,12030,8139,10446.0
2020-11-06,16044,15.0,21.5,9.6,0.0,23.8,None,0,6,11,6,45,0,Autumn,12459,9378,11398.285714285714
2020-11-07,23846,15.3,21.1,11.1,0.0,24.8,None,0,7,11,7,45,1,Autumn,16044,13179,12922.142857142857
2020-11-08,18439,17.6,23.4,12.6,0.2,26.0,None,0,1,11,8,45,1,Autumn,23846,5973,14703.0
2020-11-09,14098,19.4,22.3,16.4,0.1,32.6,None,0,2,11,9,46,0,Autumn,18439,8116,15557.57142857143
2020-11-10,9094,19.0,22.8,10.6,7.6,41.7,None,0,3,11,10,46,0,Autumn,14098,11987,15144.285714285714
2020-11-11,8717,4.4,8.2,1.4,0.0,35.9,Veterans Day,1,4,11,11,46,0,Autumn,9094,12030,14671.0
2020-11-12,9084,5.4,11.0,0.8,0.3,17.4,None,0,5,11,12,46,0,Autumn,8717,12459,14188.857142857143
2020-11-13,8115,3.0,6.7,-1.1,0.6,25.0,None,0,6,11,13,46,0,Autumn,9084,16044,13056.142857142857
2020-11-14,7144,3.8,9.9,-2.3,2.1,36.7,None,0,7,11,14,46,1,Autumn,8115,23846,10670.142857142857
2020-11-15,3447,7.1,12.3,2.1,6.0,54.6,None,0,1,11,15,46,1,Autumn,7144,18439,8528.42857142857
2020-11-16,7136,3.3,7.8,-0.6,0.8,29.3,None,0,2,11,16,47,0,Autumn,3447,14098,7533.857142857143
2020-11-17,6602,1.5,5.0,-1.7,0.0,29.7,None,0,3,11,17,47,0,Autumn,7136,9094,7177.857142857143
2020-11-18,7330,3.9,9.5,-1.9,0.0,36.5,None,0,4,11,18,47,0,Autumn,6602,8717,6979.714285714285
2020-11-19,9226,12.7,17.2,7.3,0.0,40.7,None,0,5,11,19,47,0,Autumn,7330,9084,7000.0
2020-11-20,9900,11.9,14.9,7.6,0.0,31.5,None,0,6,11,20,47,0,Autumn,9226,8115,7255.0
2020-11-21,7899,5.0,6.9,3.6,0.0,20.7,None,0,7,11,21,47,1,Autumn,9900,7144,7362.857142857143
2020-11-22,5018,5.4,7.2,3.9,3.5,18.5,None,0,1,11,22,47,1,Autumn,7899,3447,7587.285714285715
2020-11-23,6401,4.3,6.2,2.1,0.0,20.4,None,0,2,11,23,48,0,Autumn,5018,7136,7482.285714285715
2020-11-24,2775,3.7,6.5,1.6,11.5,29.5,None,0,3,11,24,48,0,Autumn,6401,6602,6935.571428571428
2020-11-25,3262,7.0,8.0,6.0,10.8,21.5,Thanksgiving Eve,1,4,11,25,48,0,Autumn,2775,7330,6354.428571428572
2020-11-26,3583,5.9,8.5,3.0,0.0,23.4,Thanksgiving Day,1,5,11,26,48,0,Autumn,3262,9226,5548.285714285715
2020-11-27,5353,3.9,7.6,0.5,0.0,18.0,None,0,6,11,27,48,0,Autumn,3583,9900,4898.714285714285
2020-11-28,7245,3.0,9.3,-2.5,0.0,27.9,None,0,7,11,28,48,1,Autumn,5353,7899,4805.285714285715
2020-11-29,5453,5.3,9.3,2.5,0.0,28.0,None,0,1,11,29,48,1,Autumn,7245,5018,4867.428571428572
2020-11-30,3940,0.2,3.3,-1.9,1.0,37.8,None,0,2,11,30,49,0,Autumn,5453,6401,4515.857142857143
2020-12-01,4509,-1.8,1.1,-3.9,0.0,25.5,None,0,3,12,1,49,0,Winter,3940,2775,4763.571428571428
2020-12-02,5455,0.3,7.5,-4.2,0.0,23.0,None,0,4,12,2,49,0,Winter,4509,3262,5076.857142857143
2020-12-03,5421,1.5,6.7,-2.1,0.0,26.1,None,0,5,12,3,49,0,Winter,5455,3583,5339.428571428572
2020-12-04,6126,2.6,6.8,0.1,0.0,26.7,None,0,6,12,4,49,0,Winter,5421,5353,5449.857142857143
2020-12-05,6059,2.2,3.4,0.9,0.0,19.5,None,0,7,12,5,49,1,Winter,6126,7245,5280.428571428572
2020-12-06,4278,1.6,2.1,1.0,0.1,12.4,None,0,1,12,6,49,1,Winter,6059,5453,5112.571428571428
2020-12-07,4685,1.4,2.4,0.1,0.0,15.7,None,0,2,12,7,50,0,Winter,4278,3940,5219.0
2020-12-08,4716,1.2,3.2,-0.5,0.0,23.2,None,0,3,12,8,50,0,Winter,4685,4509,5248.571428571428
2020-12-09,6640,3.7,10.3,0.1,0.0,22.3,None,0,4,12,9,50,0,Winter,4716,5455,5417.857142857143
2020-12-10,7666,4.4,10.9,-0.7,0.0,17.5,None,0,5,12,10,50,0,Winter,6640,5421,5738.571428571428
2020-12-11,3861,4.6,6.0,1.3,10.4,31.6,None,0,6,12,11,50,0,Winter,7666,6126,5415.0
2020-12-12,2467,3.5,5.0,0.7,25.4,34.2,None,0,7,12,12,50,1,Winter,3861,6059,4901.857142857143
2020-12-13,4794,-0.4,2.3,-2.6,0.0,22.6,None,0,1,12,13,50,1,Winter,2467,4278,4975.571428571428
2020-12-14,4420,-2.9,-0.6,-4.6,0.0,23.9,None,0,2,12,14,51,0,Winter,4794,4685,4937.714285714285
2020-12-15,4784,-2.5,-0.1,-5.4,0.0,24.4,None,0,3,12,15,51,0,Winter,4420,4716,4947.428571428572
2020-12-16,3794,-0.5,0.5,-2.0,0.5,25.7,None,0,4,12,16,51,0,Winter,4784,6640,4540.857142857143
2020-12-17,4011,0.3,1.3,-1.4,0.4,12.2,None,0,5,12,17,51,0,Winter,3794,7666,4018.714285714286
2020-12-18,5014,-0.9,2.9,-4.6,0.0,28.9,None,0,6,12,18,51,0,Winter,4011,3861,4183.428571428572
2020-12-19,5131,3.5,7.9,0.5,0.0,28.4,None,0,7,12,19,51,1,Winter,5014,2467,4564.0
2020-12-20,4340,1.6,4.3,0.2,0.0,25.0,None,0,1,12,20,51,1,Winter,5131,4794,4499.142857142857
2020-12-21,4681,3.0,7.6,-0.5,0.3,33.8,None,0,2,12,21,52,0,Winter,4340,4420,4536.428571428572
2020-12-22,4857,2.3,5.0,-0.9,0.0,31.4,None,0,3,12,22,52,0,Winter,4681,4784,4546.857142857143
2020-12-23,4547,7.7,11.7,1.9,5.7,46.2,None,0,4,12,23,52,0,Winter,4857,3794,4654.428571428572
2020-12-24,1654,-7.7,-0.7,-10.1,0.1,43.3,Christmas Eve,1,5,12,24,52,0,Winter,4547,4011,4317.714285714285
2020-12-25,864,-9.1,-5.4,-12.6,0.2,28.7,Christmas Day,1,6,12,25,52,0,Winter,1654,5014,3724.8571428571427
2020-12-26,2409,-4.0,1.3,-7.3,0.0,26.9,None,0,7,12,26,52,1,Winter,864,5131,3336.0
2020-12-27,3498,1.1,7.5,-4.5,0.2,26.6,None,0,1,12,27,52,1,Winter,2409,4340,3215.714285714286
2020-12-28,3657,-1.6,0.4,-5.3,0.0,26.3,None,0,2,12,28,53,0,Winter,3498,4681,3069.4285714285716
2020-12-29,2655,-3.8,-0.5,-8.3,4.2,33.4,None,0,3,12,29,53,0,Winter,3657,4857,2754.8571428571427
2020-12-30,1850,-0.2,2.3,-4.4,9.1,30.3,None,0,4,12,30,53,0,Winter,2655,4547,2369.5714285714284
2020-12-31,2730,-3.8,-1.0,-7.3,0.0,16.6,New Year’s Eve,1,5,12,31,53,0,Winter,1850,1654,2523.285714285714
2021-01-01,1068,-0.9,0.9,-3.7,15.7,34.0,New Year's Day,1,6,1,1,53,0,Winter,2730,864,2552.4285714285716
2021-01-02,2275,0.3,1.3,-1.6,0.9,30.0,None,0,7,1,2,53,1,Winter,1068,2409,2533.285714285714
2021-01-03,2383,0.2,2.4,-2.5,3.2,15.1,None,0,1,1,3,53,1,Winter,2275,3498,2374.0
2021-01-04,3209,-2.5,1.6,-4.5,0.1,17.1,None,0,2,1,4,1,0,Winter,2383,3657,2310.0
2021-01-05,3845,-1.6,3.5,-4.4,0.0,15.1,None,0,3,1,5,1,0,Winter,3209,2655,2480.0
2021-01-06,3884,-0.2,1.8,-2.5,0.0,12.8,None,0,4,1,6,1,0,Winter,3845,1850,2770.5714285714284
2021-01-07,3880,1.6,3.0,-0.2,0.0,19.9,None,0,5,1,7,1,0,Winter,3884,2730,2934.8571428571427
2021-01-08,3867,0.8,1.7,-0.3,0.0,26.9,None,0,6,1,8,1,0,Winter,3880,1068,3334.714285714286
2021-01-09,4961,-0.7,1.7,-2.5,0.0,18.9,None,0,7,1,9,1,1,Winter,3867,2275,3718.4285714285716
2021-01-10,3303,-2.3,-1.2,-3.5,0.0,15.5,None,0,1,1,10,1,1,Winter,4961,2383,3849.8571428571427
2021-01-11,3382,-3.4,-1.3,-5.2,0.0,26.3,None,0,2,1,11,2,0,Winter,3303,3209,3874.5714285714284
2021-01-12,4186,-0.6,4.5,-3.4,0.0,24.1,None,0,3,1,12,2,0,Winter,3382,3845,3923.285714285714
2021-01-13,4449,2.2,6.8,-1.3,0.0,22.0,None,0,4,1,13,2,0,Winter,4186,3884,4004.0
2021-01-14,3618,2.0,4.9,-1.0,4.2,23.0,None,0,5,1,14,2,0,Winter,4449,3880,3966.5714285714284
2021-01-15,4148,0.7,2.9,-2.5,1.8,22.2,None,0,6,1,15,2,0,Winter,3618,3867,4006.714285714286
2021-01-16,3302,0.3,3.4,-3.3,1.9,22.1,None,0,7,1,16,2,1,Winter,4148,4961,3769.714285714286
2021-01-17,2546,-0.7,0.2,-2.7,3.2,13.9,None,0,1,1,17,2,1,Winter,3302,3303,3661.5714285714284
2021-01-18,3600,-2.8,-0.5,-4.3,0.0,20.3,"Martin Luther King, Jr. Day",1,2,1,18,3,0,Winter,2546,3382,3692.714285714286
2021-01-19,3154,-3.8,-0.4,-7.5,2.4,26.6,None,0,3,1,19,3,0,Winter,3600,4186,3545.285714285714
2021-01-20,2713,-4.6,0.1,-9.5,0.0,37.4,None,0,4,1,20,3,0,Winter,3154,4449,3297.285714285714
2021-01-21,4202,1.1,4.4,-0.9,0.0,36.4,None,0,5,1,21,3,0,Winter,2713,3618,3380.714285714286
2021-01-22,3132,-7.2,-0.1,-9.8,0.0,28.5,None,0,6,1,22,3,0,Winter,4202,4148,3235.5714285714284
2021-01-23,3565,-5.9,-0.2,-12.1,0.0,17.7,None,0,7,1,23,3,1,Winter,3132,3302,3273.1428571428573
2021-01-24,3018,-1.0,2.3,-2.5,2.2,19.8,None,0,1,1,24,3,1,Winter,3565,2546,3340.5714285714284
2021-01-25,3032,-0.3,0.6,-1.3,3.6,35.3,None,0,2,1,25,4,0,Winter,3018,3600,3259.4285714285716
2021-01-26,1266,-1.0,-0.5,-3.0,12.5,34.4,None,0,3,1,26,4,0,Winter,3032,3154,2989.714285714286
2021-01-27,2256,-4.2,-2.5,-9.0,0.7,28.8,None,0,4,1,27,4,0,Winter,1266,2713,2924.4285714285716
2021-01-28,2616,-10.2,-6.1,-14.7,0.0,22.3,None,0,5,1,28,4,0,Winter,2256,4202,2697.8571428571427
2021-01-29,3268,-7.3,-1.3,-16.3,0.0,21.8,None,0,6,1,29,4,0,Winter,2616,3132,2717.285714285714
2021-01-30,2220,-1.4,1.1,-3.4,9.0,36.6,None,0,7,1,30,4,1,Winter,3268,3565,2525.1428571428573
2021-01-31,486,-0.6,0.4,-1.4,14.7,37.1,None,0,1,1,31,4,1,Winter,2220,3018,2163.4285714285716
2021-02-01,1797,-1.5,0.2,-4.7,0.0,31.9,None,0,2,2,1,5,0,Winter,486,3032,1987.0
2021-02-02,2317,-3.2,-0.3,-5.8,0.0,24.8,None,0,3,2,2,5,0,Winter,1797,1266,2137.1428571428573
2021-02-03,2710,-6.3,-1.7,-11.4,0.0,20.7,None,0,4,2,3,5,0,Winter,2317,2256,2202.0
2021-02-04,1721,-1.0,1.3,-4.5,8.5,41.9,None,0,5,2,4,5,0,Winter,2710,2616,2074.1428571428573
2021-02-05,1326,-10.6,-5.7,-13.1,0.1,41.9,None,0,6,2,5,5,0,Winter,1721,3268,1796.7142857142858
2021-02-06,859,-13.9,-11.0,-17.7,2.0,29.3,None,0,7,2,6,5,1,Winter,1326,2220,1602.2857142857142
2021-02-07,569,-18.3,-14.9,-21.9,0.0,23.3,None,0,1,2,7,5,1,Winter,859,486,1614.142857142857
2021-02-08,928,-14.7,-10.7,-20.5,1.9,19.4,None,0,2,2,8,6,0,Winter,569,1797,1490.0
2021-02-09,1288,-13.0,-10.3,-16.2,0.0,25.2,None,0,3,2,9,6,0,Winter,928,2317,1343.0
2021-02-10,1245,-11.2,-8.1,-16.2,0.7,27.7,None,0,4,2,10,6,0,Winter,1288,2710,1133.7142857142858
2021-02-11,1368,-8.1,-5.1,-12.1,0.6,28.2,None,0,5,2,11,6,0,Winter,1245,1721,1083.2857142857142
2021-02-12,1843,-9.3,-6.2,-12.3,1.5,23.9,None,0,6,2,12,6,0,Winter,1368,1326,1157.142857142857
2021-02-13,727,-13.1,-10.6,-16.9,3.4,27.1,None,0,7,2,13,6,1,Winter,1843,859,1138.2857142857142
2021-02-14,498,-17.7,-15.4,-20.2,1.5,27.8,Valentine’s Day,1,1,2,14,6,1,Winter,727,569,1128.142857142857
2021-02-15,350,-11.5,-7.7,-16.7,9.7,43.5,Washington's Birthday,1,2,2,15,7,0,Winter,498,928,1045.5714285714287
2021-02-16,284,-8.9,-7.1,-12.0,5.0,30.6,None,0,3,2,16,7,0,Winter,350,1288,902.1428571428571
2021-02-17,634,-11.1,-7.3,-15.2,0.0,19.7,None,0,4,2,17,7,0,Winter,284,1245,814.8571428571429
2021-02-18,799,-7.1,-5.2,-9.2,1.1,14.5,None,0,5,2,18,7,0,Winter,634,1368,733.5714285714286
2021-02-19,989,-10.5,-7.5,-14.5,0.0,21.3,None,0,6,2,19,7,0,Winter,799,1843,611.5714285714286
2021-02-20,1141,-12.0,-6.6,-18.8,0.0,18.6,None,0,7,2,20,7,1,Winter,989,727,670.7142857142857
2021-02-21,905,-4.5,1.5,-10.2,4.1,38.3,None,0,1,2,21,7,1,Winter,1141,498,728.8571428571429
2021-02-22,1515,0.2,2.8,-2.9,1.0,35.3,None,0,2,2,22,8,0,Winter,905,350,895.2857142857143
2021-02-23,2846,2.4,4.8,-0.1,0.0,37.0,None,0,3,2,23,8,0,Winter,1515,284,1261.2857142857142
2021-02-24,3147,2.4,5.2,-3.7,0.0,32.1,None,0,4,2,24,8,0,Winter,2846,634,1620.2857142857142
2021-02-25,3185,-3.3,2.6,-9.2,0.0,16.0,None,0,5,2,25,8,0,Winter,3147,799,1961.142857142857
2021-02-26,3932,-1.9,3.5,-9.4,0.4,18.4,None,0,6,2,26,8,0,Winter,3185,989,2381.5714285714284
2021-02-27,7287,3.2,10.4,-0.9,2.2,19.0,None,0,7,2,27,8,1,Winter,3932,1141,3259.5714285714284
2021-02-28,3412,5.6,12.3,1.2,0.9,36.0,None,0,1,2,28,8,1,Winter,7287,905,3617.714285714286
2021-03-01,3467,-2.5,0.4,-5.5,0.0,24.3,None,0,2,3,1,9,0,Spring,3412,1515,3896.5714285714284
2021-03-02,4085,-1.2,6.2,-9.1,0.0,29.2,None,0,3,3,2,9,0,Spring,3467,2846,4073.5714285714284
2021-03-03,5720,4.2,10.2,0.4,0.0,26.5,None,0,4,3,3,9,0,Spring,4085,3147,4441.142857142857
2021-03-04,3991,-0.4,0.6,-2.1,0.0,27.9,None,0,5,3,4,9,0,Spring,5720,3185,4556.285714285715
2021-03-05,5440,0.3,6.3,-4.5,0.0,18.1,None,0,6,3,5,9,0,Spring,3991,3932,4771.714285714285
2021-03-06,6904,-0.4,3.9,-4.7,0.0,18.0,None,0,7,3,6,9,1,Spring,5440,7287,4717.0
2021-03-07,6484,2.1,8.0,-4.0,0.0,23.0,None,0,1,3,7,9,1,Spring,6904,3412,5155.857142857143
2021-03-08,8952,9.9,16.5,5.1,0.0,27.9,None,0,2,3,8,10,0,Spring,6484,3467,5939.428571428572
2021-03-09,10409,10.3,17.1,4.3,0.0,29.2,None,0,3,3,9,10,0,Spring,8952,4085,6842.857142857143
2021-03-10,7397,14.6,19.0,11.1,0.3,41.6,None,0,4,3,10,10,0,Spring,10409,5720,7082.428571428572
2021-03-11,7622,11.1,15.8,5.1,1.7,43.0,None,0,5,3,11,10,0,Spring,7397,3991,7601.142857142857
2021-03-12,7224,4.0,8.2,0.9,0.0,16.5,None,0,6,3,12,10,0,Spring,7622,5440,7856.0
2021-03-13,12664,5.2,13.3,-1.7,0.0,14.8,None,0,7,3,13,10,1,Spring,7224,6904,8678.857142857143
2021-03-14,5350,3.8,5.6,1.6,0.0,35.4,None,0,1,3,14,10,1,Spring,12664,6484,8516.857142857143
2021-03-15,2212,0.7,3.1,-0.3,5.3,35.9,None,0,2,3,15,11,0,Spring,5350,8952,7554.0
2021-03-16,4253,1.5,3.5,-0.5,0.0,15.7,None,0,3,3,16,11,0,Spring,2212,10409,6674.571428571428
2021-03-17,3742,1.5,3.9,-0.8,10.1,35.8,None,0,4,3,17,11,0,Spring,4253,7397,6152.428571428572
2021-03-18,3726,3.0,5.1,2.1,9.1,44.0,None,0,5,3,18,11,0,Spring,3742,7622,5595.857142857143
2021-03-19,6702,1.3,3.9,-1.3,0.0,29.3,None,0,6,3,19,11,0,Spring,3726,7224,5521.285714285715
2021-03-20,12832,4.1,10.6,-1.7,0.0,15.7,None,0,7,3,20,11,1,Spring,6702,12664,5545.285714285715
2021-03-21,16342,8.7,16.1,1.7,0.0,23.9,None,0,1,3,21,11,1,Spring,12832,5350,7115.571428571428
2021-03-22,11167,11.9,18.5,6.3,0.0,24.0,None,0,2,3,22,12,0,Spring,16342,2212,8394.857142857143
2021-03-23,5345,11.6,16.2,9.2,7.6,29.1,None,0,3,3,23,12,0,Spring,11167,4253,8550.857142857143
2021-03-24,8275,12.6,15.6,8.9,2.9,39.2,None,0,4,3,24,12,0,Spring,5345,3742,9198.42857142857
2021-03-25,6127,5.7,7.9,3.2,5.4,36.4,None,0,5,3,25,12,0,Spring,8275,3726,9541.42857142857
2021-03-26,6291,3.2,4.8,1.7,4.3,35.3,None,0,6,3,26,12,0,Spring,6127,6702,9482.714285714286
2021-03-27,12852,10.0,18.8,3.0,2.4,27.7,None,0,7,3,27,12,1,Spring,6291,12832,9485.57142857143
2021-03-28,7451,5.9,11.3,0.7,0.0,37.6,None,0,1,3,28,12,1,Spring,12852,16342,8215.42857142857
2021-03-29,9027,6.7,15.5,-1.9,0.0,40.4,None,0,2,3,29,13,0,Spring,7451,11167,7909.714285714285
2021-03-30,9908,12.7,19.5,8.3,0.5,36.8,None,0,3,3,30,13,0,Spring,9027,5345,8561.57142857143
2021-03-31,6535,3.9,7.6,1.3,0.1,26.7,None,0,4,3,31,13,0,Spring,9908,8275,8313.0
2021-04-01,5635,-0.7,1.4,-3.3,0.0,31.0,None,0,5,4,1,13,0,Spring,6535,6127,8242.714285714286
2021-04-02,9313,2.7,8.8,-4.8,0.0,23.5,None,0,6,4,2,13,0,Spring,5635,6291,8674.42857142857
2021-04-03,19646,10.6,18.9,2.5,0.0,33.4,None,0,7,4,3,13,1,Spring,9313,12852,9645.0
2021-04-04,17180,12.6,19.0,4.1,0.0,20.2,Western Easter,1,1,4,4,13,1,Spring,19646,7451,11034.857142857143
2021-04-05,11424,18.0,22.6,12.5,0.3,26.3,None,0,2,4,5,14,0,Spring,17180,9027,11377.285714285714
2021-04-06,17313,20.4,26.6,13.2,0.0,28.9,None,0,3,4,6,14,0,Spring,11424,9908,12435.142857142857
2021-04-07,15605,19.4,25.7,14.3,1.3,29.6,None,0,4,4,7,14,0,Spring,17313,6535,13730.857142857143
2021-04-08,5397,14.8,17.4,11.1,13.7,29.3,None,0,5,4,8,14,0,Spring,15605,5635,13696.857142857143
2021-04-09,12459,12.9,17.3,10.0,1.4,35.9,None,0,6,4,9,14,0,Spring,5397,9313,14146.285714285714
2021-04-10,5532,9.1,12.1,7.0,10.1,22.1,None,0,7,4,10,14,1,Spring,12459,19646,12130.0
2021-04-11,10987,8.5,11.1,5.9,0.1,19.9,None,0,1,4,11,14,1,Spring,5532,17180,11245.285714285714
2021-04-12,11144,12.1,16.7,8.2,1.8,30.3,None,0,2,4,12,15,0,Spring,10987,11424,11205.285714285714
2021-04-13,10161,8.7,12.9,5.0,0.0,29.2,None,0,3,4,13,15,0,Spring,11144,17313,10183.57142857143
2021-04-14,8337,5.8,9.2,1.9,0.0,22.2,None,0,4,4,14,15,0,Spring,10161,15605,9145.285714285714
2021-04-15,8708,5.6,8.8,2.3,0.0,24.3,None,0,5,4,15,15,0,Spring,8337,5397,9618.285714285714
2021-04-16,11177,5.7,8.2,3.6,0.0,17.7,None,0,6,4,16,15,0,Spring,8708,12459,9435.142857142857
2021-04-17,14101,5.9,8.6,3.5,0.0,19.1,None,0,7,4,17,15,1,Spring,11177,5532,10659.285714285714
2021-04-18,13319,9.3,16.3,1.0,0.2,17.7,None,0,1,4,18,15,1,Spring,14101,10987,10992.42857142857
2021-04-19,6763,8.2,11.5,5.7,2.8,23.5,None,0,2,4,19,16,0,Spring,13319,11144,10366.57142857143
2021-04-20,6486,3.1,5.1,1.6,2.9,20.6,None,0,3,4,20,16,0,Spring,6763,10161,9841.57142857143
2021-04-21,6591,2.7,8.5,-1.6,2.5,18.5,None,0,4,4,21,16,0,Spring,6486,8337,9592.142857142857
2021-04-22,10827,6.4,13.6,-1.2,0.0,24.5,None,0,5,4,22,16,0,Spring,6591,8708,9894.857142857143
2021-04-23,13462,10.7,16.7,4.8,0.0,29.3,None,0,6,4,23,16,0,Spring,10827,11177,10221.285714285714
2021-04-24,15106,10.7,13.3,8.7,2.2,24.5,None,0,7,4,24,16,1,Spring,13462,14101,10364.857142857143
2021-04-25,8867,5.0,9.3,3.5,0.0,27.7,None,0,1,4,25,16,1,Spring,15106,13319,9728.857142857143
2021-04-26,14430,14.2,24.2,3.4,0.0,38.9,None,0,2,4,26,17,0,Spring,8867,6763,10824.142857142857
2021-04-27,18266,22.1,29.8,13.7,0.0,32.4,None,0,3,4,27,17,0,Spring,14430,6486,12507.0
2021-04-28,6812,10.6,20.8,6.6,8.8,23.7,None,0,4,4,28,17,0,Spring,18266,6591,12538.57142857143
2021-04-29,9869,9.9,13.5,6.6,5.0,26.4,None,0,5,4,29,17,0,Spring,6812,10827,12401.714285714286
2021-04-30,12313,7.8,12.3,5.1,0.0,37.0,None,0,6,4,30,17,0,Spring,9869,13462,12237.57142857143
2021-05-01,24401,15.5,26.0,4.4,0.0,45.6,None,0,7,5,1,17,1,Spring,12313,15106,13565.42857142857
2021-05-02,24799,21.9,28.0,16.0,0.1,38.5,Eastern Easter,1,1,5,2,17,1,Spring,24401,8867,15841.42857142857
2021-05-03,9803,17.9,23.0,14.3,5.4,26.3,None,0,2,5,3,18,0,Spring,24799,14430,15180.42857142857
2021-05-04,9327,11.1,15.9,9.3,0.7,26.2,None,0,3,5,4,18,0,Spring,9803,18266,13903.42857142857
2021-05-05,12602,8.7,11.0,6.3,0.0,24.2,None,0,4,5,5,18,0,Spring,9327,6812,14730.57142857143
2021-05-06,9574,8.4,10.0,6.9,6.8,25.8,None,0,5,5,6,18,0,Spring,12602,9869,14688.42857142857
2021-05-07,13499,8.2,12.7,5.1,0.4,24.9,None,0,6,5,7,18,0,Spring,9574,12313,14857.857142857143
2021-05-08,15241,6.7,9.1,2.7,4.3,20.6,None,0,7,5,8,18,1,Spring,13499,24401,13549.285714285714
2021-05-09,7333,6.5,9.3,4.1,20.7,31.1,None,0,1,5,9,18,1,Spring,15241,24799,11054.142857142857
2021-05-10,9367,6.2,7.6,3.9,0.4,23.7,None,0,2,5,10,19,0,Spring,7333,9803,10991.857142857143
2021-05-11,11099,6.6,8.9,3.1,0.2,20.6,None,0,3,5,11,19,0,Spring,9367,9327,11245.0
2021-05-12,13436,9.1,13.2,3.7,0.0,15.5,None,0,4,5,12,19,0,Spring,11099,12602,11364.142857142857
2021-05-13,16592,11.5,17.8,2.4,0.0,20.5,None,0,5,5,13,19,0,Spring,13436,9574,12366.714285714286
2021-05-14,20480,13.9,19.5,6.5,0.0,18.4,None,0,6,5,14,19,0,Spring,16592,13499,13364.0
2021-05-15,15523,13.8,16.9,9.8,1.6,19.9,None,0,7,5,15,19,1,Spring,20480,15241,13404.285714285714
2021-05-16,23552,15.3,20.7,9.3,0.0,18.7,None,0,1,5,16,19,1,Spring,15523,7333,15721.285714285714
2021-05-17,15219,15.8,18.7,12.7,0.0,16.7,None,0,2,5,17,20,0,Spring,23552,9367,16557.285714285714
2021-05-18,12671,18.3,23.4,13.3,4.4,25.5,None,0,3,5,18,20,0,Spring,15219,11099,16781.85714285714
2021-05-19,16068,19.9,23.6,17.2,6.4,30.3,None,0,4,5,19,20,0,Spring,12671,13436,17157.85714285714
2021-05-20,20540,23.5,28.4,18.4,0.0,28.0,None,0,5,5,20,20,0,Spring,16068,16592,17721.85714285714
2021-05-21,24921,24.1,29.7,18.0,0.0,27.6,None,0,6,5,21,20,0,Spring,20540,20480,18356.285714285714
2021-05-22,35025,25.0,30.6,17.6,0.2,24.3,None,0,7,5,22,20,1,Spring,24921,15523,21142.285714285714
2021-05-23,21597,21.7,27.5,13.6,6.6,16.6,None,0,1,5,23,20,1,Spring,35025,23552,20863.0
2021-05-24,19949,22.2,30.4,13.1,0.2,27.4,None,0,2,5,24,21,0,Spring,21597,15219,21538.714285714286
2021-05-25,18914,25.0,30.0,20.9,2.0,34.9,None,0,3,5,25,21,0,Spring,19949,12671,22430.571428571428
2021-05-26,20490,21.7,27.5,15.0,2.6,26.5,None,0,4,5,26,21,0,Spring,18914,16068,23062.285714285714
2021-05-27,11836,12.5,14.2,11.4,16.2,36.6,None,0,5,5,27,21,0,Spring,20490,20540,21818.85714285714
2021-05-28,7319,9.2,10.7,7.6,9.1,42.0,None,0,6,5,28,21,0,Spring,11836,24921,19304.285714285714
2021-05-29,21812,10.1,13.5,7.3,0.0,31.5,None,0,7,5,29,21,1,Spring,7319,35025,17416.714285714286
2021-05-30,26981,13.0,17.9,6.3,0.0,16.2,None,0,1,5,30,21,1,Spring,21812,21597,18185.85714285714
2021-05-31,21663,16.7,21.5,12.1,0.5,21.9,Memorial Day,1,2,5,31,22,0,Spring,26981,19949,18430.714285714286
2021-06-01,19510,16.1,22.1,9.1,0.0,16.7,None,0,3,6,1,22,0,Summer,21663,18914,18515.85714285714
2021-06-02,20270,17.4,21.2,12.7,0.0,20.2,None,0,4,6,2,22,0,Summer,19510,20490,18484.428571428572
2021-06-03,23576,21.4,29.2,11.5,0.0,20.2,None,0,5,6,3,22,0,Summer,20270,11836,20161.571428571428
2021-06-04,25839,26.8,33.3,20.7,0.1,31.6,None,0,6,6,4,22,0,Summer,23576,7319,22807.285714285714
2021-06-05,36697,27.4,33.2,19.9,0.0,30.8,None,0,7,6,5,22,1,Summer,25839,21812,24933.714285714286
2021-06-06,29112,26.8,31.7,21.4,0.1,31.7,None,0,1,6,6,22,1,Summer,36697,26981,25238.14285714286
2021-06-07,17672,23.1,26.2,21.3,24.2,22.0,None,0,2,6,7,23,0,Summer,29112,21663,24668.0
2021-06-08,22651,23.4,27.3,19.8,3.7,19.4,None,0,3,6,8,23,0,Summer,17672,19510,25116.714285714286
2021-06-09,24871,21.4,24.6,17.1,1.0,16.8,None,0,4,6,9,23,0,Summer,22651,20270,25774.0
2021-06-10,25642,20.4,24.7,16.6,0.0,15.0,None,0,5,6,10,23,0,Summer,24871,23576,26069.14285714286
2021-06-11,29897,23.5,28.3,18.8,0.0,15.5,None,0,6,6,11,23,0,Summer,25642,25839,26648.85714285714
2021-06-12,34624,22.3,26.3,18.2,0.8,17.8,None,0,7,6,12,23,1,Summer,29897,36697,26352.714285714286
2021-06-13,34832,22.6,26.1,18.5,0.0,17.7,None,0,1,6,13,23,1,Summer,34624,29112,27169.85714285714
2021-06-14,23382,21.7,23.2,18.5,0.0,28.9,None,0,2,6,14,24,0,Summer,34832,17672,27985.571428571428
2021-06-15,24204,19.4,22.2,16.5,0.0,22.2,None,0,3,6,15,24,0,Summer,23382,22651,28207.428571428572
2021-06-16,25620,18.6,21.8,15.1,0.0,20.9,None,0,4,6,16,24,0,Summer,24204,24871,28314.428571428572
2021-06-17,26334,24.6,33.3,14.5,0.0,29.5,None,0,5,6,17,24,0,Summer,25620,25642,28413.285714285714
2021-06-18,28091,27.0,32.4,20.8,0.3,29.5,None,0,6,6,18,24,0,Summer,26334,29897,28155.285714285714
2021-06-19,36328,24.9,33.4,18.2,0.2,31.4,Juneteenth,1,7,6,19,24,1,Summer,28091,34624,28398.714285714286
2021-06-20,21156,22.6,28.7,17.4,12.5,18.9,None,0,1,6,20,24,1,Summer,36328,34832,26445.0
2021-06-21,21563,19.8,22.6,14.6,2.5,33.0,None,0,2,6,21,25,0,Summer,21156,23382,26185.14285714286
2021-06-22,25528,17.9,22.5,12.6,0.0,25.4,None,0,3,6,22,25,0,Summer,21563,24204,26374.285714285714
2021-06-23,23887,20.1,25.8,16.3,0.7,29.1,None,0,4,6,23,25,0,Summer,25528,25620,26126.714285714286
2021-06-24,15244,22.0,25.4,19.1,2.6,39.4,None,0,5,6,24,25,0,Summer,23887,26334,24542.428571428572
2021-06-25,16815,22.8,26.5,21.1,45.6,31.8,None,0,6,6,25,25,0,Summer,15244,28091,22931.571428571428
2021-06-26,14662,23.8,27.3,22.2,41.8,34.5,None,0,7,6,26,25,1,Summer,16815,36328,19836.428571428572
2021-06-27,28657,24.2,28.0,20.2,1.7,32.4,None,0,1,6,27,25,1,Summer,14662,21156,20908.0
2021-06-28,16326,23.2,26.0,20.1,11.4,15.7,None,0,2,6,28,26,0,Summer,28657,21563,20159.85714285714
2021-06-29,17727,24.2,28.1,22.2,23.1,22.5,None,0,3,6,29,26,0,Summer,16326,25528,19045.428571428572
2021-06-30,18878,23.5,26.5,21.7,12.3,12.9,None,0,4,6,30,26,0,Summer,17727,23887,18329.85714285714
2021-07-01,24750,18.5,21.7,14.8,0.8,31.0,None,0,5,7,1,26,0,Summer,18878,15244,19687.85714285714
2021-07-02,26714,16.9,19.1,14.5,0.0,22.4,None,0,6,7,2,26,0,Summer,24750,16815,21102.0
2021-07-03,33045,22.1,29.7,13.7,0.0,20.3,None,0,7,7,3,26,1,Summer,26714,14662,23728.14285714286
2021-07-04,33307,25.9,31.8,20.2,0.0,19.8,4th of July,1,1,7,4,26,1,Summer,33045,28657,24392.428571428572
2021-07-05,27237,27.2,32.5,21.7,0.0,30.5,None,0,2,7,5,27,0,Summer,33307,16326,25951.14285714286
2021-07-06,23627,27.4,32.4,23.0,2.5,22.5,None,0,3,7,6,27,0,Summer,27237,17727,26794.0
2021-07-07,22992,24.6,29.6,20.9,3.1,20.0,None,0,4,7,7,27,0,Summer,23627,18878,27381.714285714286
2021-07-08,22995,18.0,20.5,16.5,9.0,27.2,None,0,5,7,8,27,0,Summer,22992,24750,27131.0
2021-07-09,29584,18.7,21.9,15.1,0.0,15.8,None,0,6,7,9,27,0,Summer,22995,26714,27541.0
2021-07-10,25046,20.5,22.8,18.2,8.1,21.5,None,0,7,7,10,27,1,Summer,29584,33045,26398.285714285714
2021-07-11,13238,19.0,20.4,18.0,23.2,28.2,None,0,1,7,11,27,1,Summer,25046,33307,23531.285714285714
2021-07-12,20058,20.2,22.6,18.3,19.4,17.7,None,0,2,7,12,28,0,Summer,13238,27237,22505.714285714286
2021-07-13,22885,21.9,25.2,19.6,18.8,16.5,None,0,3,7,13,28,0,Summer,20058,23627,22399.714285714286
2021-07-14,25505,24.5,29.5,19.8,0.2,27.6,None,0,4,7,14,28,0,Summer,22885,22992,22758.714285714286
2021-07-15,20869,23.3,25.7,20.4,12.7,31.2,None,0,5,7,15,28,0,Summer,25505,22995,22455.0
2021-07-16,24010,19.7,20.5,18.3,5.4,23.3,None,0,6,7,16,28,0,Summer,20869,29584,21658.714285714286
2021-07-17,37261,19.5,21.2,18.0,0.2,22.9,None,0,7,7,17,28,1,Summer,24010,25046,23403.714285714286
2021-07-18,32017,21.6,24.4,18.8,0.9,17.9,None,0,1,7,18,28,1,Summer,37261,13238,26086.428571428572
2021-07-19,23872,22.2,25.3,18.1,0.0,16.2,None,0,2,7,19,29,0,Summer,32017,20058,26631.285714285714
2021-07-20,26227,23.1,29.6,18.8,0.0,26.4,None,0,3,7,20,29,0,Summer,23872,22885,27108.714285714286
2021-07-21,25444,19.5,21.4,18.2,0.2,21.4,None,0,4,7,21,29,0,Summer,26227,25505,27100.0
2021-07-22,26101,22.8,27.3,17.5,0.4,16.6,None,0,5,7,22,29,0,Summer,25444,20869,27847.428571428572
2021-07-23,26232,26.0,30.1,22.0,3.2,17.4,None,0,6,7,23,29,0,Summer,26101,24010,28164.85714285714
2021-07-24,31669,27.3,32.5,22.8,2.5,28.2,None,0,7,7,24,29,1,Summer,26232,37261,27366.0
2021-07-25,30928,26.8,31.5,21.7,0.0,16.4,None,0,1,7,25,29,1,Summer,31669,32017,27210.428571428572
2021-07-26,23652,26.7,31.9,20.0,0.0,15.3,None,0,2,7,26,30,0,Summer,30928,23872,27179.0
2021-07-27,25047,26.5,33.2,21.7,0.0,21.4,None,0,3,7,27,30,0,Summer,23652,26227,27010.428571428572
2021-07-28,26151,27.9,32.1,23.5,0.3,19.7,None,0,4,7,28,30,0,Summer,25047,25444,27111.428571428572
2021-07-29,26560,25.7,31.1,20.0,0.0,30.9,None,0,5,7,29,30,0,Summer,26151,26101,27177.0
2021-07-30,29648,19.2,20.2,17.7,0.3,29.5,None,0,6,7,30,30,0,Summer,26560,26232,27665.0
2021-07-31,35739,21.5,27.2,15.3,0.0,16.5,None,0,7,7,31,30,1,Summer,29648,31669,28246.428571428572
2021-08-01,30058,20.7,22.2,18.4,1.1,25.3,None,0,1,8,1,30,1,Summer,35739,30928,28122.14285714286
2021-08-02,23302,20.7,23.8,16.7,0.5,15.5,None,0,2,8,2,31,0,Summer,30058,23652,28072.14285714286
2021-08-03,24773,22.0,25.9,16.0,0.5,12.9,None,0,3,8,3,31,0,Summer,23302,25047,28033.0
2021-08-04,25215,22.9,27.4,17.3,0.0,12.8,None,0,4,8,4,31,0,Summer,24773,26151,27899.285714285714
2021-08-05,26213,24.4,30.1,17.6,0.0,22.3,None,0,5,8,5,31,0,Summer,25215,26560,27849.714285714286
2021-08-06,26876,22.3,25.3,20.3,8.9,28.0,None,0,6,8,6,31,0,Summer,26213,29648,27453.714285714286
2021-08-07,35580,24.4,29.6,19.1,13.3,21.2,None,0,7,8,7,31,1,Summer,26876,35739,27431.0
2021-08-08,27451,26.5,30.7,23.9,2.2,30.6,None,0,1,8,8,31,1,Summer,35580,30058,27058.571428571428
2021-08-09,17085,23.7,27.4,22.0,41.8,30.9,None,0,2,8,9,32,0,Summer,27451,23302,26170.428571428572
2021-08-10,20539,25.8,32.3,21.7,7.1,41.7,None,0,3,8,10,32,0,Summer,17085,24773,25565.571428571428
2021-08-11,21222,25.3,31.0,22.9,12.0,42.4,None,0,4,8,11,32,0,Summer,20539,25215,24995.14285714286
2021-08-12,24047,26.0,31.8,22.1,0.3,30.7,None,0,5,8,12,32,0,Summer,21222,26213,24685.714285714286
2021-08-13,28742,23.2,25.2,20.4,0.6,17.7,None,0,6,8,13,32,0,Summer,24047,26876,24952.285714285714
2021-08-14,37328,22.2,24.5,20.0,0.0,18.5,None,0,7,8,14,32,1,Summer,28742,35580,25202.0
2021-08-15,31379,21.2,24.4,16.8,0.0,16.8,None,0,1,8,15,32,1,Summer,37328,27451,25763.14285714286
2021-08-16,23447,21.4,24.3,17.0,0.0,17.4,None,0,2,8,16,33,0,Summer,31379,17085,26672.0
2021-08-17,24852,22.9,26.0,19.2,0.6,15.9,None,0,3,8,17,33,0,Summer,23447,20539,27288.14285714286
2021-08-18,25211,24.0,26.2,21.7,6.7,14.4,None,0,4,8,18,33,0,Summer,24852,21222,27858.0
2021-08-19,25160,24.7,27.3,22.1,1.8,14.0,None,0,5,8,19,33,0,Summer,25211,24047,28017.0
2021-08-20,28344,25.3,28.4,22.1,0.5,15.9,None,0,6,8,20,33,0,Summer,25160,28742,27960.14285714286
2021-08-21,31412,26.4,30.8,22.4,1.0,21.9,None,0,7,8,21,33,1,Summer,28344,37328,27115.0
2021-08-22,30316,22.5,24.2,20.0,0.1,24.6,None,0,1,8,22,33,1,Summer,31412,31379,26963.14285714286
2021-08-23,23607,24.8,31.8,18.8,1.8,15.2,None,0,2,8,23,34,0,Summer,30316,23447,26986.0
2021-08-24,17496,25.9,32.6,22.4,11.1,23.8,None,0,3,8,24,34,0,Summer,23607,24852,25935.14285714286
2021-08-25,20604,27.0,32.5,22.9,16.4,29.7,None,0,4,8,25,34,0,Summer,17496,25211,25277.0
2021-08-26,26247,25.4,28.4,23.0,4.7,20.1,None,0,5,8,26,34,0,Summer,20604,25160,25432.285714285714
2021-08-27,27724,26.3,31.4,22.3,1.4,19.1,None,0,6,8,27,34,0,Summer,26247,28344,25343.714285714286
2021-08-28,30735,26.9,32.1,23.5,4.3,21.3,None,0,7,8,28,34,1,Summer,27724,31412,25247.0
2021-08-29,23554,26.4,30.5,23.7,2.4,30.8,None,0,1,8,29,34,1,Summer,30735,30316,24281.0
2021-08-30,22570,23.6,26.7,19.3,0.0,15.9,None,0,2,8,30,35,0,Summer,23554,23607,24132.85714285714
2021-08-31,23263,23.1,25.9,18.8,0.0,25.2,None,0,3,8,31,35,0,Summer,22570,17496,24956.714285714286
2021-09-01,25025,21.3,23.0,19.4,0.3,29.3,None,0,4,9,1,35,0,Autumn,23263,20604,25588.285714285714
2021-09-02,24981,20.9,23.9,16.3,0.0,19.2,None,0,5,9,2,35,0,Autumn,25025,26247,25407.428571428572
2021-09-03,24010,21.3,24.9,16.9,1.3,19.1,None,0,6,9,3,35,0,Autumn,24981,27724,24876.85714285714
2021-09-04,27857,21.4,25.0,19.7,4.1,21.2,Labor Day Weekend,1,7,9,4,35,1,Autumn,24010,30735,24465.714285714286
2021-09-05,32858,21.5,27.3,16.0,0.0,23.2,Labor Day Weekend,1,1,9,5,35,1,Autumn,27857,23554,25794.85714285714
2021-09-06,29033,20.7,23.7,16.6,0.0,22.5,Labor Day,1,2,9,6,36,0,Autumn,32858,22570,26718.14285714286
2021-09-07,19407,22.8,30.6,18.5,17.8,43.6,None,0,3,9,7,36,0,Autumn,29033,23263,26167.285714285714
2021-09-08,24442,19.9,24.8,15.4,0.0,27.0,None,0,4,9,8,36,0,Autumn,19407,25025,26084.0
2021-09-09,25208,18.5,21.3,14.6,0.1,15.0,None,0,5,9,9,36,0,Autumn,24442,24981,26116.428571428572
2021-09-10,26983,20.2,25.5,14.8,0.0,19.2,None,0,6,9,10,36,0,Autumn,25208,24010,26541.14285714286
2021-09-11,32806,23.8,30.3,18.5,0.0,27.2,None,0,7,9,11,36,1,Autumn,26983,27857,27248.14285714286
2021-09-12,26935,24.6,31.7,20.2,0.0,25.2,None,0,1,9,12,36,1,Autumn,32806,32858,26402.0
2021-09-13,21851,24.7,31.2,20.6,0.0,19.4,None,0,2,9,13,37,0,Autumn,26935,29033,25376.0
2021-09-14,23357,25.3,30.3,19.8,0.2,33.0,None,0,3,9,14,37,0,Autumn,21851,19407,25940.285714285714
2021-09-15,24853,20.0,23.0,16.4,0.0,18.4,None,0,4,9,15,37,0,Autumn,23357,24442,25999.0
2021-09-16,27164,20.9,26.3,14.5,0.0,17.7,None,0,5,9,16,37,0,Autumn,24853,25208,26278.428571428572
2021-09-17,27005,24.4,31.1,17.5,0.0,28.8,None,0,6,9,17,37,0,Autumn,27164,26983,26281.571428571428
2021-09-18,33011,21.0,22.2,19.7,0.0,26.7,None,0,7,9,18,37,1,Autumn,27005,32806,26310.85714285714
2021-09-19,28802,23.7,28.6,18.3,0.3,19.8,None,0,1,9,19,37,1,Autumn,33011,26935,26577.571428571428
2021-09-20,20055,23.5,26.8,21.4,11.6,30.6,None,0,2,9,20,38,0,Autumn,28802,21851,26321.0
2021-09-21,18303,19.2,22.6,16.9,16.8,31.0,None,0,3,9,21,38,0,Autumn,20055,23357,25599.0
2021-09-22,17179,15.5,16.6,14.7,2.8,47.5,None,0,4,9,22,38,0,Autumn,18303,24853,24502.714285714286
2021-09-23,20728,14.3,17.9,11.8,0.0,30.5,None,0,5,9,23,38,0,Autumn,17179,27164,23583.285714285714
2021-09-24,24947,17.9,23.9,12.0,0.8,35.9,None,0,6,9,24,38,0,Autumn,20728,27005,23289.285714285714
2021-09-25,30473,15.2,20.1,10.3,0.7,24.9,None,0,7,9,25,38,1,Autumn,24947,33011,22926.714285714286
2021-09-26,26707,19.4,26.1,13.4,0.0,31.4,None,0,1,9,26,38,1,Autumn,30473,28802,22627.428571428572
2021-09-27,21688,22.3,29.7,18.5,0.2,29.6,None,0,2,9,27,39,0,Autumn,26707,20055,22860.714285714286
2021-09-28,22755,19.0,20.3,17.7,0.0,20.3,None,0,3,9,28,39,0,Autumn,21688,18303,23496.714285714286
2021-09-29,23645,19.4,24.2,14.0,0.0,16.6,None,0,4,9,29,39,0,Autumn,22755,17179,24420.428571428572
2021-09-30,24079,19.9,24.0,15.2,0.0,16.2,None,0,5,9,30,39,0,Autumn,23645,20728,24899.14285714286
2021-10-01,27170,22.0,28.4,16.3,0.0,18.7,None,0,6,10,1,39,0,Autumn,24079,24947,25216.714285714286
2021-10-02,24616,20.9,23.2,19.2,18.1,23.3,None,0,7,10,2,39,1,Autumn,27170,30473,24380.0
2021-10-03,19724,20.1,23.4,18.2,24.3,17.6,None,0,1,10,3,39,1,Autumn,24616,26707,23382.428571428572
2021-10-04,18688,18.0,19.3,16.0,11.7,26.8,None,0,2,10,4,40,0,Autumn,19724,21688,22953.85714285714
2021-10-05,21168,17.3,18.5,15.9,0.6,22.4,None,0,3,10,5,40,0,Autumn,18688,22755,22727.14285714286
2021-10-06,21918,18.1,19.5,16.7,2.6,21.1,None,0,4,10,6,40,0,Autumn,21168,23645,22480.428571428572
2021-10-07,17278,19.5,22.6,17.9,18.0,18.6,None,0,5,10,7,40,0,Autumn,21918,24079,21508.85714285714
2021-10-08,22166,18.7,22.2,16.3,12.2,15.3,None,0,6,10,8,40,0,Autumn,17278,27170,20794.0
2021-10-09,33202,20.0,24.2,15.5,0.5,22.7,None,0,7,10,9,40,1,Autumn,22166,24616,22020.571428571428
2021-10-10,32031,22.6,25.6,20.7,0.3,29.7,None,0,1,10,10,40,1,Autumn,33202,19724,23778.714285714286
2021-10-11,13970,21.8,23.9,18.1,25.3,30.9,Columbus Day,1,2,10,11,41,0,Autumn,32031,18688,23104.714285714286
2021-10-12,20992,17.7,21.4,14.7,0.7,33.3,None,0,3,10,12,41,0,Autumn,13970,21168,23079.571428571428
2021-10-13,19563,17.4,21.6,13.5,1.3,28.4,None,0,4,10,13,41,0,Autumn,20992,21918,22743.14285714286
2021-10-14,22356,19.0,21.0,14.7,14.7,27.5,None,0,5,10,14,41,0,Autumn,19563,17278,23468.571428571428
2021-10-15,21814,14.3,17.2,12.2,2.1,24.6,None,0,6,10,15,41,0,Autumn,22356,22166,23418.285714285714
2021-10-16,27107,11.0,14.4,7.8,0.0,29.9,None,0,7,10,16,41,1,Autumn,21814,33202,22547.571428571428
2021-10-17,25205,11.6,17.6,7.0,0.0,22.0,None,0,1,10,17,41,1,Autumn,27107,32031,21572.428571428572
2021-10-18,21671,13.1,20.5,6.7,0.0,15.4,None,0,2,10,18,42,0,Autumn,25205,13970,22672.571428571428
2021-10-19,23869,14.8,19.9,11.2,0.0,19.8,None,0,3,10,19,42,0,Autumn,21671,20992,23083.571428571428
2021-10-20,23718,16.2,21.1,11.7,0.4,27.9,None,0,4,10,20,42,0,Autumn,23869,19563,23677.14285714286
2021-10-21,18304,12.4,16.9,9.8,2.8,31.7,None,0,5,10,21,42,0,Autumn,23718,22356,23098.285714285714
2021-10-22,20768,9.7,13.0,6.9,0.0,15.5,None,0,6,10,22,42,0,Autumn,18304,21814,22948.85714285714
2021-10-23,23200,8.9,12.3,6.6,0.0,16.8,None,0,7,10,23,42,1,Autumn,20768,27107,22390.714285714286
2021-10-24,5649,9.3,10.6,6.1,38.5,45.3,None,0,1,10,24,42,1,Autumn,23200,25205,19597.0
2021-10-25,9386,10.5,11.1,9.9,23.1,51.5,None,0,2,10,25,43,0,Autumn,5649,21671,17842.0
2021-10-26,18617,10.1,12.2,7.4,0.0,27.3,None,0,3,10,26,43,0,Autumn,9386,23869,17091.714285714286
2021-10-27,19386,9.3,11.6,5.8,0.0,23.3,None,0,4,10,27,43,0,Autumn,18617,23718,16472.85714285714
2021-10-28,11512,11.4,13.3,9.1,10.3,28.5,None,0,5,10,28,43,0,Autumn,19386,18304,15502.57142857143
2021-10-29,7409,12.5,13.0,12.2,24.0,34.6,None,0,6,10,29,43,0,Autumn,11512,20768,13594.142857142857
2021-10-30,20598,11.7,13.1,9.5,1.4,33.6,None,0,7,10,30,43,1,Autumn,7409,23200,13222.42857142857
2021-10-31,18171,8.8,11.9,5.0,0.0,27.8,None,0,1,10,31,43,1,Autumn,20598,5649,15011.285714285714
2021-11-01,14447,5.3,8.9,2.3,0.0,27.4,None,0,2,11,1,44,0,Autumn,18171,9386,15734.285714285714
2021-11-02,14943,3.7,7.4,0.6,0.0,25.7,None,0,3,11,2,44,0,Autumn,14447,18617,15209.42857142857
2021-11-03,14820,3.0,6.6,-0.7,0.0,14.3,None,0,4,11,3,44,0,Autumn,14943,19386,14557.142857142857
2021-11-04,15088,3.4,7.8,-0.8,0.0,13.2,None,0,5,11,4,44,0,Autumn,14820,11512,15068.0
2021-11-05,16397,4.7,10.1,0.5,0.0,22.4,None,0,6,11,5,44,0,Autumn,15088,7409,16352.0
2021-11-06,19119,7.6,13.4,2.7,0.0,24.0,None,0,7,11,6,44,1,Autumn,16397,20598,16140.714285714286
2021-11-07,19074,10.8,17.0,5.8,0.0,25.5,None,0,1,11,7,44,1,Autumn,19119,18171,16269.714285714286
2021-11-08,17506,12.0,17.2,8.8,0.0,24.7,None,0,2,11,8,45,0,Autumn,19074,14447,16706.714285714286
2021-11-09,16771,10.9,12.6,8.6,0.0,22.1,None,0,3,11,9,45,0,Autumn,17506,14943,16967.85714285714
2021-11-10,17681,10.1,12.7,7.3,0.1,24.9,None,0,4,11,10,45,0,Autumn,16771,14820,17376.571428571428
2021-11-11,12299,10.6,12.7,5.7,11.7,40.0,Veterans Day,1,5,11,11,45,0,Autumn,17681,15088,16978.14285714286
2021-11-12,10226,4.1,6.3,1.6,0.7,37.0,None,0,6,11,12,45,0,Autumn,12299,16397,16096.57142857143
2021-11-13,10999,3.0,5.0,1.3,0.2,27.3,None,0,7,11,13,45,1,Autumn,10226,19119,14936.57142857143
2021-11-14,7400,2.2,3.4,0.1,3.8,37.2,None,0,1,11,14,45,1,Autumn,10999,19074,13268.857142857143
2021-11-15,9989,-0.1,1.9,-2.9,0.8,21.5,None,0,2,11,15,46,0,Autumn,7400,17506,12195.0
2021-11-16,13773,5.0,10.2,0.6,0.0,30.5,None,0,3,11,16,46,0,Autumn,9989,16771,11766.714285714286
2021-11-17,11620,12.0,15.7,6.3,8.6,31.6,None,0,4,11,17,46,0,Autumn,13773,17681,10900.857142857143
2021-11-18,11062,1.6,5.9,-0.3,0.0,39.7,None,0,5,11,18,46,0,Autumn,11620,12299,10724.142857142857
2021-11-19,11914,0.1,3.3,-3.6,0.0,21.0,None,0,6,11,19,46,0,Autumn,11062,10226,10965.285714285714
2021-11-20,13318,4.2,8.8,1.4,0.0,23.2,None,0,7,11,20,46,1,Autumn,11914,10999,11296.57142857143
2021-11-21,11087,4.8,11.5,0.1,0.3,32.4,None,0,1,11,21,46,1,Autumn,13318,7400,11823.285714285714
2021-11-22,8582,-2.0,1.3,-4.9,0.0,24.6,None,0,2,11,22,47,0,Autumn,11087,9989,11622.285714285714
2021-11-23,9536,-0.1,5.3,-5.6,0.0,29.5,None,0,3,11,23,47,0,Autumn,8582,13773,11017.0
2021-11-24,9032,6.0,9.9,1.6,0.3,33.0,Thanksgiving Eve,1,4,11,24,47,0,Autumn,9536,11620,10647.285714285714
2021-11-25,4191,4.2,8.8,-4.2,3.9,31.9,Thanksgiving Day,1,5,11,25,47,0,Autumn,9032,11062,9665.714285714286
2021-11-26,4572,-3.9,-0.6,-7.2,0.0,24.3,None,0,6,11,26,47,0,Autumn,4191,11914,8616.857142857143
2021-11-27,6483,0.8,4.4,-2.0,0.7,22.4,None,0,7,11,27,47,1,Autumn,4572,13318,7640.428571428572
2021-11-28,6442,-0.4,2.5,-2.9,0.0,31.7,None,0,1,11,28,47,1,Autumn,6483,11087,6976.857142857143
2021-11-29,9331,-0.0,3.7,-4.7,0.6,27.1,None,0,2,11,29,48,0,Autumn,6442,8582,7083.857142857143
2021-11-30,12276,3.6,8.8,-0.3,0.0,24.3,None,0,3,11,30,48,0,Autumn,9331,9536,7475.285714285715
2021-12-01,12529,5.4,9.4,1.7,0.4,27.8,None,0,4,12,1,48,0,Winter,12276,9032,7974.857142857143
2021-12-02,15179,8.7,13.2,3.0,0.8,33.8,None,0,5,12,2,48,0,Winter,12529,4191,9544.57142857143
2021-12-03,13872,5.5,8.0,4.0,0.5,15.5,None,0,6,12,3,48,0,Winter,15179,4572,10873.142857142857
2021-12-04,12192,2.2,4.7,-1.1,0.0,16.4,None,0,7,12,4,48,1,Winter,13872,6483,11688.714285714286
2021-12-05,4926,3.8,8.6,1.4,5.4,27.5,None,0,1,12,5,48,1,Winter,12192,6442,11472.142857142857
2021-12-06,7763,-1.4,3.7,-8.3,0.0,40.5,None,0,2,12,6,49,0,Winter,4926,9331,11248.142857142857
2021-12-07,7487,-6.8,-3.6,-9.9,0.0,23.1,None,0,3,12,7,49,0,Winter,7763,12276,10564.0
2021-12-08,9350,-2.7,0.7,-5.8,0.0,20.4,None,0,4,12,8,49,0,Winter,7487,12529,10109.857142857143
2021-12-09,10877,1.9,7.1,-3.1,0.0,31.4,None,0,5,12,9,49,0,Winter,9350,15179,9495.285714285714
2021-12-10,8171,5.6,13.9,0.9,19.2,43.2,None,0,6,12,10,49,0,Winter,10877,13872,8680.857142857143
2021-12-11,8598,5.7,14.4,0.4,3.0,48.3,None,0,7,12,11,49,1,Winter,8171,12192,8167.428571428572
2021-12-12,9019,3.5,8.5,-0.3,0.0,32.0,None,0,1,12,12,49,1,Winter,8598,4926,8752.142857142857
2021-12-13,9962,4.3,9.1,1.1,0.0,29.0,None,0,2,12,13,50,0,Winter,9019,7763,9066.285714285714
2021-12-14,11190,5.1,10.2,-0.4,4.2,24.1,None,0,3,12,14,50,0,Winter,9962,7487,9595.285714285714
2021-12-15,12201,14.0,17.7,9.1,0.7,51.4,None,0,4,12,15,50,0,Winter,11190,9350,10002.57142857143
2021-12-16,9486,7.4,16.8,0.2,1.1,53.5,None,0,5,12,16,50,0,Winter,12201,10877,9803.857142857143
2021-12-17,9060,0.2,3.5,-3.5,0.0,21.5,None,0,6,12,17,50,0,Winter,9486,8171,9930.857142857143
2021-12-18,6303,2.2,4.1,-1.1,7.2,26.6,None,0,7,12,18,50,1,Winter,9060,8598,9603.0
2021-12-19,6023,-0.6,2.2,-2.5,0.0,24.1,None,0,1,12,19,50,1,Winter,6303,9019,9175.0
2021-12-20,7590,0.6,5.0,-1.8,0.0,27.1,None,0,2,12,20,51,0,Winter,6023,9962,8836.142857142857
2021-12-21,6879,0.6,4.9,-1.9,0.0,30.0,None,0,3,12,21,51,0,Winter,7590,11190,8220.285714285714
2021-12-22,5292,-4.0,-0.8,-7.2,0.0,30.4,None,0,4,12,22,51,0,Winter,6879,12201,7233.285714285715
2021-12-23,6096,1.8,7.8,-3.3,0.2,25.0,None,0,5,12,23,51,0,Winter,5292,9486,6749.0
2021-12-24,4806,7.2,13.8,-1.0,0.0,31.0,Christmas Eve,1,6,12,24,51,0,Winter,6096,9060,6141.285714285715
2021-12-25,3063,5.5,11.6,0.5,4.8,23.9,Christmas Day,1,7,12,25,51,1,Winter,4806,6303,5678.428571428572
2021-12-26,3865,2.1,4.7,-0.9,0.0,32.8,None,0,1,12,26,51,1,Winter,3063,6023,5370.142857142857
2021-12-27,4903,4.5,9.9,-0.2,11.1,36.1,None,0,2,12,27,52,0,Winter,3865,7590,4986.285714285715
2021-12-28,2830,1.0,2.7,-1.5,10.5,33.8,None,0,3,12,28,52,0,Winter,4903,6879,4407.857142857143
2021-12-29,5370,1.3,2.3,0.0,1.4,18.9,None,0,4,12,29,52,0,Winter,2830,5292,4419.0
2021-12-30,6129,1.8,2.9,0.5,1.5,16.2,None,0,5,12,30,52,0,Winter,5370,6096,4423.714285714285
